vrg_id;legacy_id;datum;bizonylat;vendor;netto_egysegar_huf;szamitott_brutto_huf;forras_tipus
VRG-0001;ABB1SPE007717F0721;2026.07.09;176384/26VR;daniella;37720;47904;visszaigazolas
VRG-0002;BEG92565;2026.09.07;14408/26VRD1;daniella;25399,66;32258;pdf
VRG-0002;BEG92565;2026.09.08;14408/26VRD1;daniella;25399,66;32258;modositas
VRG-0004;BELDE1583EVAGOS;2026.09.07;14408/26VRD1;daniella;161,46;205;pdf
VRG-0004;BELDE1583EVAGOS;2026.09.08;14408/26VRD1;daniella;161,46;205;modositas
VRG-0004;BELDE1583EVAGOS;2026.09.15;15044/26VRD1;daniella;161,46;205;modositas
VRG-0005;BUD25863;2026.08.05;203724/26VR;daniella;96,52;123;visszaigazolas
VRG-0006;BUDT30103;2026.08.13;08365/26VRB;daniella;567,72;721;visszaigazolas
VRG-0007;BUDT30305;2026.09.16;10859/26VRY;daniella;35,72;45;modositas
VRG-0007;BUDT30305;2026.09.16;10825/26VRY;daniella;35,72;45;visszaigazolas
VRG-0008;BUDT888666;2026.06.30;166186/26VR;daniella;44,08;56;visszaigazolas
VRG-0008;BUDT888666;2026.07.01;10327/26VRD1;daniella;44,08;56;visszaigazolas
VRG-0009;DEHN556125;2026.09.07;14406/26VRD1;daniella;4731,72;6009;visszaigazolas
VRG-0009;DEHN556125;2026.09.08;14406/26VRD1;daniella;4731,72;6009;modositas
VRG-0010;DEL038;2026.09.16;10859/26VRY;daniella;394,74;501;modositas
VRG-0011;DEL1714;2026.06.12;147898/26VR;daniella;5581,4;7088;visszaigazolas
VRG-0011;DEL1714;2026.06.12;58530/26VA;daniella;5581,4;7088;pdf
VRG-0012;DEL1745;2026.09.07;14408/26VRD1;daniella;7559,4;9600;pdf
VRG-0012;DEL1745;2026.09.08;14408/26VRD1;daniella;7559,4;9600;modositas
VRG-0013;DUND1101;2026.07.03;06900/26VRB;daniella;240,16;305;visszaigazolas
VRG-0013;DUND1101;2026.09.16;10825/26VRY;daniella;240,16;305;visszaigazolas
VRG-0014;DUND1102;2026.09.16;10825/26VRY;daniella;139,84;178;visszaigazolas
VRG-0015;DUND8001;2026.06.30;166186/26VR;daniella;105,64;134;visszaigazolas
VRG-0015;DUND8001;2026.07.01;10327/26VRD1;daniella;105,64;134;visszaigazolas
VRG-0016;DUND8002;2026.06.30;166186/26VR;daniella;72,96;93;visszaigazolas
VRG-0016;DUND8002;2026.07.01;10327/26VRD1;daniella;72,96;93;visszaigazolas
VRG-0017;DUW18310;2026.06.30;166186/26VR;daniella;42,33;54;visszaigazolas
VRG-0017;DUW18310;2026.07.01;10327/26VRD1;daniella;42,33;54;visszaigazolas
VRG-0017;DUW18310;2026.07.27;11893/26VRD1;daniella;42,33;54;visszaigazolas
VRG-0018;DUW18320;2026.06.30;166186/26VR;daniella;63,84;81;visszaigazolas
VRG-0018;DUW18320;2026.07.01;10327/26VRD1;daniella;63,84;81;visszaigazolas
VRG-0018;DUW18320;2026.07.27;11893/26VRD1;daniella;63,84;81;visszaigazolas
VRG-0019;EAT275413;2026.07.31;12218/26VRU;daniella;1149,2;1459;visszaigazolas
VRG-0020;EKP4377STANDARD;2026.09.07;14408/26VRD1;daniella;21395,74;27173;pdf
VRG-0020;EKP4377STANDARD;2026.09.08;14408/26VRD1;daniella;21395,74;27173;modositas
VRG-0022;ELTM32TOLDO;2026.09.15;15044/26VRD1;daniella;127,68;162;modositas
VRG-0022;ELTM32TOLDO;2026.09.15;15044/26VRD1;daniella;127,68;162;visszaigazolas
VRG-0023;GEWDX15016R;2026.06.30;166186/26VR;daniella;78,48;100;visszaigazolas
VRG-0023;GEWDX15016R;2026.07.01;10327/26VRD1;daniella;78,48;100;visszaigazolas
VRG-0023;GEWDX15016R;2026.07.14;07251/26VRB;daniella;79,1;100;visszaigazolas
VRG-0024;GEWDX15020R;2026.08.05;203724/26VR;daniella;93,1;118;visszaigazolas
VRG-0024;GEWDX15020R;2026.09.07;14408/26VRD1;daniella;109,06;139;pdf
VRG-0024;GEWDX15020R;2026.09.08;14408/26VRD1;daniella;109,06;139;modositas
VRG-0025;GEWDX15025R;2026.08.05;203724/26VR;daniella;156,8;199;visszaigazolas
VRG-0025;GEWDX15025R;2026.08.24;13509/26VRD1;daniella;183,68;233;visszaigazolas
VRG-0025;GEWDX15025R;2026.08.24;13509/26VRD1;daniella;183,68;233;visszaigazolas
VRG-0027;GEWDX24925;2026.06.12;147898/26VR;daniella;169,4;215;visszaigazolas
VRG-0027;GEWDX24925;2026.06.12;58530/26VA;daniella;169,4;215;pdf
VRG-0028;GEWDX40016;2026.07.14;07251/26VRB;daniella;86,1;109;visszaigazolas
VRG-0029;GEWDX40020;2026.07.14;07251/26VRB;daniella;77;98;visszaigazolas
VRG-0029;GEWDX40020;2026.09.10;09293/26VRB;daniella;90,2;115;modositas
VRG-0029;GEWDX40020;2026.09.10;09293/26VRB;daniella;90,2;115;modositas
VRG-0029;GEWDX40020;2026.09.10;09293/26VRB;daniella;90,2;115;visszaigazolas
VRG-0029;GEWDX40020;2026.09.10;09293/26VRB;daniella;90,2;115;visszaigazolas
VRG-0030;GEWDX40025;2026.07.14;07251/26VRB;daniella;108,5;138;visszaigazolas
VRG-0031;GEWDX40120;2026.07.27;11893/26VRD1;daniella;142,1;180;visszaigazolas
VRG-0032;GEWDX40125;2026.06.12;147898/26VR;daniella;254,2;323;visszaigazolas
VRG-0032;GEWDX40125;2026.06.12;58530/26VA;daniella;254,2;323;pdf
VRG-0032;GEWDX40125;2026.07.27;11893/26VRD1;daniella;264,04;335;visszaigazolas
VRG-0033;GEWDX40325;2026.06.12;58530/26VA;daniella;288,64;367;pdf
VRG-0034;GEWDX43220;2026.09.10;09293/26VRB;daniella;478,06;607;modositas
VRG-0034;GEWDX43220;2026.09.10;09293/26VRB;daniella;478,06;607;modositas
VRG-0034;GEWDX43220;2026.09.10;09293/26VRB;daniella;478,06;607;modositas
VRG-0034;GEWDX43220;2026.09.10;09293/26VRB;daniella;478,06;607;modositas
VRG-0034;GEWDX43220;2026.09.10;09293/26VRB;daniella;478,06;607;modositas
VRG-0035;GEWGW40053BD;2026.09.07;14408/26VRD1;daniella;48288,16;61326;pdf
VRG-0035;GEWGW40053BD;2026.09.08;14408/26VRD1;daniella;48288,16;61326;modositas
VRG-0036;GEWGW48001;2026.07.27;11893/26VRD1;daniella;317,34;403;visszaigazolas
VRG-0037;GEWGW48002;2026.08.13;08365/26VRB;daniella;386,22;490;visszaigazolas
VRG-0038;GEWGW48005;2026.07.27;11893/26VRD1;daniella;822,5;1045;visszaigazolas
VRG-0039;GEWGW48007;2026.07.27;11893/26VRD1;daniella;1592,5;2022;visszaigazolas
VRG-0040;GEWGW50417;2026.08.24;13509/26VRD1;daniella;546,94;695;visszaigazolas
VRG-0040;GEWGW50417;2026.08.24;13509/26VRD1;daniella;546,94;695;visszaigazolas
VRG-0041;GIP00010;2026.07.27;11893/26VRD1;daniella;1570,36;1994;visszaigazolas
VRG-0041;GIP00010;2026.08.05;203724/26VR;daniella;1570,36;1994;visszaigazolas
VRG-0042;HAU250056;2026.09.14;14910/26VRD1;daniella;924;1173;visszaigazolas
VRG-0043;HAU250072;2026.09.14;14910/26VRD1;daniella;429,6;546;visszaigazolas
VRG-0044;HAU250076;2026.09.14;14910/26VRD1;daniella;1106,4;1405;visszaigazolas
VRG-0045;HAU290662;2026.09.07;14406/26VRD1;daniella;85,6;109;visszaigazolas
VRG-0045;HAU290662;2026.09.08;14406/26VRD1;daniella;85,6;109;modositas
VRG-0046;HENKKL54;2026.09.07;14408/26VRD1;daniella;9618,96;12216;pdf
VRG-0046;HENKKL54;2026.09.08;14408/26VRD1;daniella;9618,96;12216;modositas
VRG-0047;HGRK148;2026.07.22;72377/26VA;daniella;2242,66;2848;pdf
VRG-0048;HGRVF112TD;2026.06.30;166186/26VR;daniella;8235,26;10459;visszaigazolas
VRG-0048;HGRVF112TD;2026.07.01;10327/26VRD1;daniella;8235,26;10459;visszaigazolas
VRG-0049;HGRVF412PD;2026.06.30;166186/26VR;daniella;24418,6;31012;visszaigazolas
VRG-0050;HGRVF412TD;2026.07.01;10327/26VRD1;daniella;24418,6;31012;visszaigazolas
VRG-0051;HGRVZ703N;2026.07.22;72377/26VA;daniella;935,41;1188;pdf
VRG-0052;HUTOROE7206GSW;2026.07.29;12045/26VRU;daniella;735,14;934;visszaigazolas
VRG-0053;JPR111356;2026.07.06;06934/26VRB;daniella;2379,64;3022;visszaigazolas
VRG-0053;JPR111356;2026.09.17;15229/26VRD1;daniella;2379,64;3022;modositas
VRG-0054;JPR1278;2026.07.06;06934/26VRB;daniella;1047,14;1330;visszaigazolas
VRG-0055;JPR2058;2026.09.07;14406/26VRD1;daniella;1047,14;1330;visszaigazolas
VRG-0055;JPR2058;2026.09.08;14406/26VRD1;daniella;1047,14;1330;modositas
VRG-0055;JPR2058;2026.09.17;15229/26VRD1;daniella;1047,14;1330;modositas
VRG-0055;JPR2058;2026.09.17;15229/26VRD1;daniella;1047,14;1330;visszaigazolas
VRG-0057;KAB1400014;2026.09.07;14408/26VRD1;daniella;339,3;431;pdf
VRG-0057;KAB1400014;2026.09.08;14408/26VRD1;daniella;339,3;431;modositas
VRG-0058;KAB1400016;2026.06.12;147898/26VR;daniella;764,4;971;visszaigazolas
VRG-0058;KAB1400016;2026.06.12;58530/26VA;daniella;764,4;971;pdf
VRG-0059;KAB1800011;2026.06.16;02744/26VR8;daniella;341,88;434;visszaigazolas
VRG-0059;KAB1800011;2026.08.24;13509/26VRD1;daniella;358,82;456;visszaigazolas
VRG-0059;KAB1800011;2026.08.24;13509/26VRD1;daniella;358,82;456;visszaigazolas
VRG-0060;KAB1800012;2026.06.12;147898/26VR;daniella;351,12;446;visszaigazolas
VRG-0060;KAB1800012;2026.06.12;58530/26VA;daniella;351,12;446;pdf
VRG-0061;KAN70941;2026.09.14;14910/26VRD1;daniella;9684,2;12299;visszaigazolas
VRG-0062;KANND12;2026.09.14;14910/26VRD1;daniella;1656,4;2104;visszaigazolas
VRG-0063;KIWA81004;2026.09.07;14408/26VRD1;daniella;32929,4;41820;pdf
VRG-0063;KIWA81004;2026.09.08;14408/26VRD1;daniella;32929,4;41820;modositas
VRG-0064;KIWA81027;2026.06.12;147898/26VR;daniella;34845,3;44254;visszaigazolas
VRG-0064;KIWA81027;2026.06.12;58530/26VA;daniella;34845,3;44254;pdf
VRG-0065;KOPKPL64502LDNA;2026.09.01;14129/26VRD1;daniella;876;1113;visszaigazolas
VRG-0066;KOPKPL64503LDNA;2026.06.12;147898/26VR;daniella;1073,8;1364;visszaigazolas
VRG-0066;KOPKPL64503LDNA;2026.06.12;58530/26VA;daniella;1073,8;1364;pdf
VRG-0066;KOPKPL64503LDNA;2026.06.16;02744/26VR8;daniella;1073,8;1364;visszaigazolas
VRG-0066;KOPKPL64503LDNA;2026.09.01;14129/26VRD1;daniella;1239;1574;visszaigazolas
VRG-0067;KOPKPL64505LDNA;2026.09.01;14129/26VRD1;daniella;1857,75;2359;visszaigazolas
VRG-0068;KOPKPL6450LDNA;2026.06.17;02762/26VR8;daniella;408,85;519;visszaigazolas
VRG-0069;KOPP356102005;2026.08.05;203724/26VR;daniella;756,13;960;visszaigazolas
VRG-0070;KOPPK90X55DHD;2026.06.12;58530/26VA;daniella;3186,75;4047;pdf
VRG-0071;LEG050316;2026.07.31;12218/26VRU;daniella;480,48;610;visszaigazolas
VRG-0072;LEG069742L;2026.06.12;147898/26VR;daniella;8221,98;10442;visszaigazolas
VRG-0072;LEG069742L;2026.06.12;58530/26VA;daniella;8221,98;10442;pdf
VRG-0073;LEG413102;2026.09.07;14408/26VRD1;daniella;2226,12;2827;pdf
VRG-0073;LEG413102;2026.09.08;14408/26VRD1;daniella;2226,12;2827;modositas
VRG-0074;LEG601983;2026.06.12;147898/26VR;daniella;34721,7;44097;visszaigazolas
VRG-0074;LEG601983;2026.06.12;58530/26VA;daniella;34721,7;44097;pdf
VRG-0075;LEG665001;2026.06.12;147898/26VR;daniella;223,86;284;visszaigazolas
VRG-0075;LEG665001;2026.06.12;58530/26VA;daniella;223,86;284;pdf
VRG-0075;LEG665001;2026.06.12;58530/26VA;daniella;223,86;284;pdf
VRG-0075;LEG665001;2026.06.12;58530/26VA;daniella;223,86;284;pdf
VRG-0076;LEG665003;2026.06.12;147898/26VR;daniella;748,02;950;visszaigazolas
VRG-0077;LEG752101;2026.09.07;14408/26VRD1;daniella;1790,1;2273;pdf
VRG-0077;LEG752101;2026.09.08;14408/26VRD1;daniella;1790,1;2273;modositas
VRG-0078;LEG752106;2026.09.07;14408/26VRD1;daniella;2329,08;2958;pdf
VRG-0078;LEG752106;2026.09.08;14408/26VRD1;daniella;2329,08;2958;modositas
VRG-0079;LEG752107;2026.09.07;14408/26VRD1;daniella;3582,54;4550;pdf
VRG-0079;LEG752107;2026.09.08;14408/26VRD1;daniella;3582,54;4550;modositas
VRG-0080;LEG753121;2026.09.07;14408/26VRD1;daniella;1790,1;2273;pdf
VRG-0080;LEG753121;2026.09.08;14408/26VRD1;daniella;1790,1;2273;modositas
VRG-0081;LEG753142;2026.09.07;14408/26VRD1;daniella;4891,38;6212;pdf
VRG-0081;LEG753142;2026.09.08;14408/26VRD1;daniella;4891,38;6212;modositas
VRG-0082;LEG754001;2026.09.07;14408/26VRD1;daniella;484,38;615;pdf
VRG-0082;LEG754001;2026.09.08;14408/26VRD1;daniella;484,38;615;modositas
VRG-0083;LEG754002;2026.09.07;14408/26VRD1;daniella;872,82;1108;pdf
VRG-0083;LEG754002;2026.09.08;14408/26VRD1;daniella;872,82;1108;modositas
VRG-0084;LEG754005;2026.09.07;14408/26VRD1;daniella;2911,74;3698;pdf
VRG-0084;LEG754005;2026.09.08;14408/26VRD1;daniella;2911,74;3698;modositas
VRG-0085;LEG754192;2026.07.16;11283/26VRD1;daniella;3297,06;4187;visszaigazolas
VRG-0086;LEG764500;2026.06.12;147898/26VR;daniella;674,7;857;visszaigazolas
VRG-0086;LEG764500;2026.06.12;58530/26VA;daniella;674,7;857;pdf
VRG-0087;LEG764506;2026.06.17;02762/26VR8;daniella;939,12;1193;visszaigazolas
VRG-0088;LEG764539;2026.06.12;147898/26VR;daniella;646,62;821;visszaigazolas
VRG-0088;LEG764539;2026.06.12;58530/26VA;daniella;646,62;821;pdf
VRG-0089;LEG782373;2026.06.12;147898/26VR;daniella;1526,46;1939;visszaigazolas
VRG-0089;LEG782373;2026.06.12;58530/26VA;daniella;1526,46;1939;pdf
VRG-0089;LEG782373;2026.09.07;14408/26VRD1;daniella;1526,46;1939;pdf
VRG-0089;LEG782373;2026.09.08;14408/26VRD1;daniella;1526,46;1939;modositas
VRG-0090;LEG782374;2026.06.12;147898/26VR;daniella;2804,88;3562;visszaigazolas
VRG-0090;LEG782374;2026.06.12;58530/26VA;daniella;2804,88;3562;pdf
VRG-0091;LEG782400;2026.07.24;07665/26VRB;daniella;715,26;908;visszaigazolas
VRG-0091;LEG782400;2026.07.29;12045/26VRU;daniella;715,26;908;visszaigazolas
VRG-0092;LEG782402;2026.07.29;12045/26VRU;daniella;980,46;1245;visszaigazolas
VRG-0093;LEG863193;2026.06.12;58530/26VA;daniella;804,18;1021;pdf
VRG-0094;NVT10009;2026.09.07;14408/26VRD1;daniella;131,14;167;pdf
VRG-0094;NVT10009;2026.09.08;14408/26VRD1;daniella;131,14;167;modositas
VRG-0095;NYUGMFL20;2026.07.27;11893/26VRD1;daniella;85,12;108;visszaigazolas
VRG-0095;NYUGMFL20;2026.09.10;09293/26VRB;daniella;85,12;108;modositas
VRG-0095;NYUGMFL20;2026.09.10;09293/26VRB;daniella;85,12;108;modositas
VRG-0095;NYUGMFL20;2026.09.10;09293/26VRB;daniella;85,12;108;modositas
VRG-0095;NYUGMFL20;2026.09.17;15229/26VRD1;daniella;85,12;108;modositas
VRG-0095;NYUGMFL20;2026.09.17;15229/26VRD1;daniella;85,12;108;visszaigazolas
VRG-0096;NYUGMFL25;2026.07.27;11893/26VRD1;daniella;98,8;125;visszaigazolas
VRG-0097;OBO2000342;2026.06.12;147898/26VR;daniella;268,45;341;visszaigazolas
VRG-0097;OBO2000342;2026.06.12;58530/26VA;daniella;268,45;341;pdf
VRG-0098;OBO2000378;2026.09.07;14408/26VRD1;daniella;496,91;631;pdf
VRG-0098;OBO2000378;2026.09.08;14408/26VRD1;daniella;496,91;631;modositas
VRG-0099;OBO2003700;2026.09.07;14408/26VRD1;daniella;53,72;68;pdf
VRG-0099;OBO2003700;2026.09.08;14408/26VRD1;daniella;53,72;68;modositas
VRG-0100;OBO2003702;2026.09.07;14408/26VRD1;daniella;83,74;106;pdf
VRG-0100;OBO2003702;2026.09.08;14408/26VRD1;daniella;83,74;106;modositas
VRG-0101;OBO2005312;2026.09.04;08564/26VRB;daniella;20778,58;26389;modositas
VRG-0103;OBO2149010;2026.08.05;203724/26VR;daniella;31,6;40;visszaigazolas
VRG-0103;OBO2149010;2026.09.07;14408/26VRD1;daniella;31,6;40;pdf
VRG-0103;OBO2149010;2026.09.08;14408/26VRD1;daniella;31,6;40;modositas
VRG-0103;OBO2149010;2026.09.10;09293/26VRB;daniella;31,6;40;modositas
VRG-0103;OBO2149010;2026.09.10;09293/26VRB;daniella;31,6;40;modositas
VRG-0103;OBO2149010;2026.09.10;09293/26VRB;daniella;31,6;40;modositas
VRG-0103;OBO2149010;2026.09.10;09293/26VRB;daniella;31,6;40;modositas
VRG-0103;OBO2149010;2026.09.10;09293/26VRB;daniella;31,6;40;modositas
VRG-0103;OBO2149010;2026.09.10;09293/26VRB;daniella;31,6;40;modositas
VRG-0103;OBO2149010;2026.09.10;09293/26VRB;daniella;31,6;40;visszaigazolas
VRG-0103;OBO2149010;2026.09.10;09293/26VRB;daniella;31,6;40;visszaigazolas
VRG-0104;OBO2149016;2026.06.12;147898/26VR;daniella;39;50;visszaigazolas
VRG-0104;OBO2149016;2026.06.12;58530/26VA;daniella;39;50;pdf
VRG-0104;OBO2149016;2026.08.05;203724/26VR;daniella;52,14;66;visszaigazolas
VRG-0105;OBO2149022;2026.09.14;14910/26VRD1;daniella;81,37;103;visszaigazolas
VRG-0106;OBO2250136;2026.06.12;147898/26VR;daniella;65,57;83;visszaigazolas
VRG-0106;OBO2250136;2026.06.12;58530/26VA;daniella;65,57;83;pdf
VRG-0107;OBO2250209;2026.08.24;13509/26VRD1;daniella;94,8;120;visszaigazolas
VRG-0107;OBO2250209;2026.08.24;13509/26VRD1;daniella;94,8;120;visszaigazolas
VRG-0108;OBO5000750XXX1;2026.07.06;06956/26VRB;daniella;8080,91;10263;visszaigazolas
VRG-0108;OBO5000750XXX1;2026.09.07;14406/26VRD1;daniella;8080,91;10263;visszaigazolas
VRG-0108;OBO5000750XXX1;2026.09.08;14406/26VRD1;daniella;8080,91;10263;modositas
VRG-0109;OBO5001641;2026.09.07;14406/26VRD1;daniella;2813,19;3573;visszaigazolas
VRG-0109;OBO5001641;2026.09.08;14406/26VRD1;daniella;2813,19;3573;modositas
VRG-0110;POL2080136;2026.08.25;13635/26VRD1;daniella;927,11;1177;visszaigazolas
VRG-0110;POL2080136;2026.08.25;13635/26VRD1;daniella;927,11;1177;visszaigazolas
VRG-0111;POL2080137;2026.08.25;13635/26VRD1;daniella;927,11;1177;visszaigazolas
VRG-0111;POL2080137;2026.08.25;13635/26VRD1;daniella;927,11;1177;visszaigazolas
VRG-0112;POL2080138;2026.07.13;11028/26VRD1;daniella;927,11;1177;visszaigazolas
VRG-0112;POL2080138;2026.08.25;13635/26VRD1;daniella;927,11;1177;visszaigazolas
VRG-0112;POL2080138;2026.08.25;13635/26VRD1;daniella;927,11;1177;visszaigazolas
VRG-0113;POL2080183;2026.07.09;176384/26VR;daniella;2720,74;3455;visszaigazolas
VRG-0114;POL2080184;2026.07.09;176384/26VR;daniella;2720,74;3455;visszaigazolas
VRG-0115;POL2080185;2026.07.17;11378/26VRD1;daniella;2720,74;3455;visszaigazolas
VRG-0116;PORA374K8RXL;2026.09.07;14408/26VRD1;daniella;1127,7;1432;pdf
VRG-0116;PORA374K8RXL;2026.09.08;14408/26VRD1;daniella;1127,7;1432;modositas
VRG-0117;SCHEPH0400121;2026.07.27;11893/26VRD1;daniella;1035;1314;visszaigazolas
VRG-0118;SCHEPH2900121;2026.07.27;11893/26VRD1;daniella;874,5;1111;visszaigazolas
VRG-0119;SCHEPH2970121;2026.08.24;13509/26VRD1;daniella;854,4;1085;visszaigazolas
VRG-0119;SCHEPH2970121;2026.08.24;13509/26VRD1;daniella;854,4;1085;visszaigazolas
VRG-0120;SCHEPH3100121;2026.09.01;14129/26VRD1;daniella;1996,8;2536;visszaigazolas
VRG-0121;SCHEPH3200121;2026.07.29;12045/26VRU;daniella;1824,75;2317;visszaigazolas
VRG-0121;SCHEPH3200121;2026.07.31;12218/26VRU;daniella;1824,75;2317;visszaigazolas
VRG-0122;SCHEPH4300121;2026.07.29;12045/26VRU;daniella;2865,75;3640;visszaigazolas
VRG-0123;SCHEPH4700121;2026.09.01;14129/26VRD1;daniella;4011,2;5094;visszaigazolas
VRG-0124;SCHEPH5800221;2026.07.27;11893/26VRD1;daniella;455,25;578;visszaigazolas
VRG-0124;SCHEPH5800221;2026.08.31;13971/26VRD1;daniella;485,6;617;visszaigazolas
VRG-0125;SCHEPH5800321;2026.07.31;12218/26VRU;daniella;729,75;927;visszaigazolas
VRG-0126;SCHEPH5800421;2026.07.27;11893/26VRD1;daniella;1068;1356;visszaigazolas
VRG-0126;SCHEPH5800421;2026.07.31;12218/26VRU;daniella;1068;1356;visszaigazolas
VRG-0126;SCHEPH5800421;2026.09.16;10825/26VRY;daniella;1139,2;1447;visszaigazolas
VRG-0127;SCHEZ9A34223;2026.07.09;176384/26VR;daniella;4276,8;5432;visszaigazolas
VRG-0128;SCHEZ9EUC112;2026.08.25;13635/26VRD1;daniella;4456;5659;visszaigazolas
VRG-0128;SCHEZ9EUC112;2026.08.25;13635/26VRD1;daniella;4456;5659;visszaigazolas
VRG-0129;SCHEZ9EUC212;2026.08.05;203724/26VR;daniella;8057,6;10233;visszaigazolas
VRG-0130;SCHEZ9EUC312;2026.08.25;13635/26VRD1;daniella;10997,6;13967;visszaigazolas
VRG-0130;SCHEZ9EUC312;2026.08.25;13635/26VRD1;daniella;10997,6;13967;visszaigazolas
VRG-0131;SCHEZ9F27106;2026.07.09;176384/26VR;daniella;1228;1560;visszaigazolas
VRG-0132;SCHEZ9F27110;2026.07.09;176384/26VR;daniella;1145,6;1455;visszaigazolas
VRG-0133;SCHEZ9F57106;2026.09.07;14408/26VRD1;daniella;1145,6;1455;pdf
VRG-0133;SCHEZ9F57106;2026.09.08;14408/26VRD1;daniella;1145,6;1455;modositas
VRG-0134;SCHEZ9F57110;2026.06.12;147898/26VR;daniella;863,85;1097;visszaigazolas
VRG-0134;SCHEZ9F57110;2026.06.12;58530/26VA;daniella;863,85;1097;pdf
VRG-0134;SCHEZ9F57110;2026.07.24;07665/26VRB;daniella;996,75;1266;visszaigazolas
VRG-0134;SCHEZ9F57110;2026.08.18;08554/26VRB;daniella;996,75;1266;visszaigazolas
VRG-0134;SCHEZ9F57110;2026.08.25;13635/26VRD1;daniella;1063,2;1350;visszaigazolas
VRG-0134;SCHEZ9F57110;2026.08.25;13635/26VRD1;daniella;1063,2;1350;visszaigazolas
VRG-0134;SCHEZ9F57110;2026.09.07;14408/26VRD1;daniella;1063,2;1350;pdf
VRG-0134;SCHEZ9F57110;2026.09.08;14408/26VRD1;daniella;1063,2;1350;modositas
VRG-0135;SCHEZ9F57113;2026.06.12;147898/26VR;daniella;796,9;1012;visszaigazolas
VRG-0135;SCHEZ9F57113;2026.06.12;58530/26VA;daniella;796,9;1012;pdf
VRG-0135;SCHEZ9F57113;2026.07.09;176384/26VR;daniella;980,8;1246;visszaigazolas
VRG-0135;SCHEZ9F57113;2026.08.18;08554/26VRB;daniella;919,5;1168;visszaigazolas
VRG-0135;SCHEZ9F57113;2026.08.25;13635/26VRD1;daniella;980,8;1246;visszaigazolas
VRG-0135;SCHEZ9F57113;2026.08.25;13635/26VRD1;daniella;980,8;1246;visszaigazolas
VRG-0136;SCHEZ9F57116;2026.06.12;147898/26VR;daniella;747,5;949;visszaigazolas
VRG-0136;SCHEZ9F57116;2026.06.12;58530/26VA;daniella;747,5;949;pdf
VRG-0136;SCHEZ9F57116;2026.07.09;176384/26VR;daniella;920;1168;visszaigazolas
VRG-0136;SCHEZ9F57116;2026.07.24;07665/26VRB;daniella;862,5;1095;visszaigazolas
VRG-0136;SCHEZ9F57116;2026.08.18;08554/26VRB;daniella;862,5;1095;visszaigazolas
VRG-0136;SCHEZ9F57116;2026.08.25;13635/26VRD1;daniella;920;1168;visszaigazolas
VRG-0136;SCHEZ9F57116;2026.08.25;13635/26VRD1;daniella;920;1168;visszaigazolas
VRG-0136;SCHEZ9F57116;2026.09.07;14408/26VRD1;daniella;920;1168;pdf
VRG-0136;SCHEZ9F57116;2026.09.08;14408/26VRD1;daniella;920;1168;modositas
VRG-0137;SCHEZ9F57120;2026.08.17;08492/26VRB;daniella;919,5;1168;visszaigazolas
VRG-0138;SCHEZ9F57206;2026.09.07;14408/26VRD1;daniella;2628,8;3339;pdf
VRG-0138;SCHEZ9F57206;2026.09.08;14408/26VRD1;daniella;2628,8;3339;modositas
VRG-0139;SCHEZ9F57210;2026.07.09;176384/26VR;daniella;2546,4;3234;visszaigazolas
VRG-0139;SCHEZ9F57210;2026.07.24;07665/26VRB;daniella;2546,4;3234;visszaigazolas
VRG-0140;SCHEZ9F57213;2026.07.09;176384/26VR;daniella;2464;3129;visszaigazolas
VRG-0140;SCHEZ9F57213;2026.08.24;13509/26VRD1;daniella;2464;3129;visszaigazolas
VRG-0140;SCHEZ9F57213;2026.08.24;13509/26VRD1;daniella;2464;3129;visszaigazolas
VRG-0141;SCHEZ9F57216;2026.07.09;176384/26VR;daniella;2381,6;3025;visszaigazolas
VRG-0142;SCHEZ9F57316;2026.06.12;147898/26VR;daniella;2872,35;3648;visszaigazolas
VRG-0142;SCHEZ9F57316;2026.06.12;58530/26VA;daniella;2872,35;3648;pdf
VRG-0142;SCHEZ9F57316;2026.08.18;08554/26VRB;daniella;3314,25;4209;visszaigazolas
VRG-0143;SCHEZ9F57320;2026.08.18;08554/26VRB;daniella;3391,5;4307;visszaigazolas
VRG-0143;SCHEZ9F57320;2026.08.25;13635/26VRD1;daniella;3617,6;4594;visszaigazolas
VRG-0143;SCHEZ9F57320;2026.08.25;13635/26VRD1;daniella;3617,6;4594;visszaigazolas
VRG-0144;SCHEZ9F57420;2026.06.12;147898/26VR;daniella;5183,2;6583;visszaigazolas
VRG-0144;SCHEZ9F57420;2026.06.12;58530/26VA;daniella;5183,2;6583;pdf
VRG-0145;SCHEZ9F57432;2026.09.07;14408/26VRD1;daniella;5595,2;7106;pdf
VRG-0145;SCHEZ9F57432;2026.09.08;14408/26VRD1;daniella;5595,2;7106;modositas
VRG-0146;SCHEZ9R49225;2026.06.12;147898/26VR;daniella;10209,6;12966;visszaigazolas
VRG-0146;SCHEZ9R49225;2026.06.12;58530/26VA;daniella;10209,6;12966;pdf
VRG-0146;SCHEZ9R49225;2026.07.09;176384/26VR;daniella;10209,6;12966;visszaigazolas
VRG-0147;SCHEZ9R49240;2026.07.21;187739/26VR;daniella;10035;12744;visszaigazolas
VRG-0147;SCHEZ9R49240;2026.07.21;187739/26VR;daniella;10035;12744;visszaigazolas
VRG-0147;SCHEZ9R49240;2026.08.25;13635/26VRD1;daniella;10704;13594;visszaigazolas
VRG-0147;SCHEZ9R49240;2026.08.25;13635/26VRD1;daniella;10704;13594;visszaigazolas
VRG-0148;SCHEZ9R49425;2026.06.12;147898/26VR;daniella;10973,3;13936;visszaigazolas
VRG-0148;SCHEZ9R49425;2026.06.12;58530/26VA;daniella;10973,3;13936;pdf
VRG-0149;SCHEZ9R49440;2026.07.21;187739/26VR;daniella;13125;16669;visszaigazolas
VRG-0149;SCHEZ9R49440;2026.07.21;187739/26VR;daniella;13125;16669;visszaigazolas
VRG-0149;SCHEZ9R49440;2026.08.18;08554/26VRB;daniella;13125;16669;visszaigazolas
VRG-0149;SCHEZ9R49440;2026.08.24;13509/26VRD1;daniella;14000;17780;visszaigazolas
VRG-0149;SCHEZ9R49440;2026.08.24;13509/26VRD1;daniella;14000;17780;visszaigazolas
VRG-0149;SCHEZ9R49440;2026.09.07;14408/26VRD1;daniella;14000;17780;pdf
VRG-0149;SCHEZ9R49440;2026.09.08;14408/26VRD1;daniella;14000;17780;modositas
VRG-0150;SCHR9F04110;2026.07.21;187739/26VR;daniella;1240,8;1576;visszaigazolas
VRG-0150;SCHR9F04110;2026.07.21;187739/26VR;daniella;1240,8;1576;visszaigazolas
VRG-0151;SCHR9F14113;2026.07.21;187739/26VR;daniella;1182,4;1502;visszaigazolas
VRG-0151;SCHR9F14113;2026.07.21;187739/26VR;daniella;1182,4;1502;visszaigazolas
VRG-0152;SCHR9F14116;2026.07.21;187739/26VR;daniella;1125,6;1430;visszaigazolas
VRG-0152;SCHR9F14116;2026.07.21;187739/26VR;daniella;1125,6;1430;visszaigazolas
VRG-0153;SCHR9F14320;2026.07.21;187739/26VR;daniella;4255,2;5404;visszaigazolas
VRG-0153;SCHR9F14320;2026.07.21;187739/26VR;daniella;4255,2;5404;visszaigazolas
VRG-0154;SCHR9XFH112;2026.06.12;147898/26VR;daniella;1272;1615;visszaigazolas
VRG-0154;SCHR9XFH112;2026.06.12;58530/26VA;daniella;1272;1615;pdf
VRG-0154;SCHR9XFH112;2026.07.09;176384/26VR;daniella;1272;1615;visszaigazolas
VRG-0154;SCHR9XFH112;2026.07.21;187739/26VR;daniella;1272;1615;visszaigazolas
VRG-0154;SCHR9XFH112;2026.07.21;187739/26VR;daniella;1272;1615;visszaigazolas
VRG-0154;SCHR9XFH112;2026.08.25;13635/26VRD1;daniella;1272;1615;visszaigazolas
VRG-0154;SCHR9XFH112;2026.08.25;13635/26VRD1;daniella;1272;1615;visszaigazolas
VRG-0154;SCHR9XFH112;2026.09.07;14408/26VRD1;daniella;1272;1615;pdf
VRG-0154;SCHR9XFH112;2026.09.08;14408/26VRD1;daniella;1272;1615;modositas
VRG-0154;SCHR9XFH112;2026.09.16;10859/26VRY;daniella;1272;1615;modositas
VRG-0155;SCHR9XFH312;2026.06.12;147898/26VR;daniella;3032;3851;visszaigazolas
VRG-0155;SCHR9XFH312;2026.06.12;58530/26VA;daniella;3032;3851;pdf
VRG-0155;SCHR9XFH312;2026.07.21;187739/26VR;daniella;3032;3851;visszaigazolas
VRG-0155;SCHR9XFH312;2026.07.21;187739/26VR;daniella;3032;3851;visszaigazolas
VRG-0156;SEZ1000580800;2026.07.21;187739/26VR;daniella;611,72;777;visszaigazolas
VRG-0156;SEZ1000580800;2026.07.21;187739/26VR;daniella;611,72;777;visszaigazolas
VRG-0157;SEZ1000580900;2026.07.21;187739/26VR;daniella;611,72;777;visszaigazolas
VRG-0157;SEZ1000580900;2026.07.21;187739/26VR;daniella;611,72;777;visszaigazolas
VRG-0158;SEZ1001081400;2026.09.07;14408/26VRD1;daniella;1975,63;2509;pdf
VRG-0158;SEZ1001081400;2026.09.08;14408/26VRD1;daniella;1975,63;2509;modositas
VRG-0159;SOM0889;2026.09.07;14408/26VRD1;daniella;102,92;131;pdf
VRG-0159;SOM0889;2026.09.08;14408/26VRD1;daniella;102,92;131;modositas
VRG-0160;SOMFF1;2026.07.31;12218/26VRU;daniella;53,12;67;visszaigazolas
VRG-0161;SOMTS52WH;2026.09.07;14408/26VRD1;daniella;48,14;61;pdf
VRG-0161;SOMTS52WH;2026.09.08;14408/26VRD1;daniella;48,14;61;modositas
VRG-0162;STI1012;2026.09.01;14129/26VRD1;daniella;162,54;206;visszaigazolas
VRG-0163;STI1123;2026.08.24;13509/26VRD1;daniella;339,79;432;visszaigazolas
VRG-0163;STI1123;2026.08.24;13509/26VRD1;daniella;339,79;432;visszaigazolas
VRG-0164;STI1497;2026.09.07;14408/26VRD1;daniella;963,2;1223;pdf
VRG-0164;STI1497;2026.09.08;14408/26VRD1;daniella;963,2;1223;modositas
VRG-0165;STI1501;2026.09.07;14406/26VRD1;daniella;575,34;731;visszaigazolas
VRG-0165;STI1501;2026.09.08;14406/26VRD1;daniella;575,34;731;modositas
VRG-0166;STI1603;2026.07.31;12218/26VRU;daniella;4291,4;5450;visszaigazolas
VRG-0167;STI1628;2026.06.17;02762/26VR8;daniella;3431,4;4358;visszaigazolas
VRG-0168;STI1784;2026.09.07;14406/26VRD1;daniella;435,16;553;visszaigazolas
VRG-0168;STI1784;2026.09.08;14406/26VRD1;daniella;435,16;553;modositas
VRG-0169;STI284;2026.06.12;147898/26VR;daniella;674,25;856;visszaigazolas
VRG-0169;STI284;2026.06.12;58530/26VA;daniella;674,25;856;pdf
VRG-0170;STI285;2026.06.12;147898/26VR;daniella;696,75;885;visszaigazolas
VRG-0170;STI285;2026.06.12;58530/26VA;daniella;696,75;885;pdf
VRG-0171;STI286;2026.06.12;147898/26VR;daniella;696,75;885;visszaigazolas
VRG-0171;STI286;2026.06.12;58530/26VA;daniella;696,75;885;pdf
VRG-0172;STI671;2026.09.07;14406/26VRD1;daniella;481,6;612;visszaigazolas
VRG-0172;STI671;2026.09.08;14406/26VRD1;daniella;481,6;612;modositas
VRG-0173;STI746;2026.08.18;08554/26VRB;daniella;13,76;17;visszaigazolas
VRG-0173;STI746;2026.09.07;14408/26VRD1;daniella;13,76;17;pdf
VRG-0173;STI746;2026.09.08;14408/26VRD1;daniella;13,76;17;modositas
VRG-0175;STI942;2026.06.17;02762/26VR8;daniella;1124,25;1428;visszaigazolas
VRG-0176;TRAE22I;2026.08.24;13509/26VRD1;daniella;78,85;100;visszaigazolas
VRG-0176;TRAE22I;2026.08.24;13509/26VRD1;daniella;78,85;100;visszaigazolas
VRG-0177;TRAFEH20;2026.07.27;11893/26VRD1;daniella;471,44;599;visszaigazolas
VRG-0178;UNI012673;2026.08.24;13509/26VRD1;daniella;1019,16;1294;visszaigazolas
VRG-0178;UNI012673;2026.08.24;13509/26VRD1;daniella;1019,16;1294;visszaigazolas
VRG-0179;UNI083271;2026.06.30;166186/26VR;daniella;182,4;232;visszaigazolas
VRG-0179;UNI083271;2026.07.01;10327/26VRD1;daniella;182,4;232;visszaigazolas
VRG-0180;UNI084057;2026.07.27;11893/26VRD1;daniella;174,04;221;visszaigazolas
VRG-0181;UNI084058;2026.07.27;11893/26VRD1;daniella;231,8;294;visszaigazolas
VRG-0182;VEZ1000091;2026.07.23;07594/26VRB;daniella;122,43;155;visszaigazolas
VRG-0182;VEZ1000091;2026.07.23;07594/26VRB;daniella;122,43;155;visszaigazolas
VRG-0184;VEZ1000133;2026.08.14;08434/26VRB;daniella;200,2;254;visszaigazolas
VRG-0184;VEZ1000133;2026.09.07;14408/26VRD1;daniella;170,17;216;pdf
VRG-0184;VEZ1000133;2026.09.08;14408/26VRD1;daniella;170,17;216;modositas
VRG-0185;VEZ1500004;2026.08.14;08434/26VRB;daniella;78,54;100;visszaigazolas
VRG-0186;VEZ1500032;2026.07.21;187739/26VR;daniella;222,53;283;visszaigazolas
VRG-0186;VEZ1500032;2026.07.21;187739/26VR;daniella;222,53;283;visszaigazolas
VRG-0186;VEZ1500032;2026.08.05;203724/26VR;daniella;222,53;283;visszaigazolas
VRG-0187;VEZ1500034;2026.07.21;187739/26VR;daniella;222,53;283;visszaigazolas
VRG-0187;VEZ1500034;2026.07.21;187739/26VR;daniella;222,53;283;visszaigazolas
VRG-0187;VEZ1500034;2026.08.05;203724/26VR;daniella;222,53;283;visszaigazolas
VRG-0188;VEZ1500044;2026.07.21;187739/26VR;daniella;222,53;283;visszaigazolas
VRG-0188;VEZ1500044;2026.07.21;187739/26VR;daniella;222,53;283;visszaigazolas
VRG-0188;VEZ1500044;2026.08.05;203724/26VR;daniella;222,53;283;visszaigazolas
VRG-0190;VEZ1500065;2026.06.12;147898/26VR;daniella;588,28;747;visszaigazolas
VRG-0190;VEZ1500065;2026.06.12;58530/26VA;daniella;588,28;747;pdf
VRG-0190;VEZ1500065;2026.07.09;176384/26VR;daniella;588,28;747;visszaigazolas
VRG-0190;VEZ1500065;2026.07.29;12045/26VRU;daniella;588,28;747;visszaigazolas
VRG-0190;VEZ1500065;2026.08.24;13509/26VRD1;daniella;566,72;720;visszaigazolas
VRG-0190;VEZ1500065;2026.08.24;13509/26VRD1;daniella;566,72;720;visszaigazolas
VRG-0192;VEZ1500067;2026.06.12;147898/26VR;daniella;588,28;747;visszaigazolas
VRG-0192;VEZ1500067;2026.06.12;58530/26VA;daniella;588,28;747;pdf
VRG-0192;VEZ1500067;2026.07.09;176384/26VR;daniella;588,28;747;visszaigazolas
VRG-0192;VEZ1500067;2026.08.24;13509/26VRD1;daniella;567,49;721;visszaigazolas
VRG-0192;VEZ1500067;2026.08.24;13509/26VRD1;daniella;567,49;721;visszaigazolas
VRG-0194;VEZ1500073;2026.06.12;147898/26VR;daniella;588,28;747;visszaigazolas
VRG-0194;VEZ1500073;2026.06.12;58530/26VA;daniella;588,28;747;pdf
VRG-0194;VEZ1500073;2026.07.09;176384/26VR;daniella;588,28;747;visszaigazolas
VRG-0194;VEZ1500073;2026.07.29;12045/26VRU;daniella;588,28;747;visszaigazolas
VRG-0194;VEZ1500073;2026.08.24;13509/26VRD1;daniella;572,88;728;visszaigazolas
VRG-0194;VEZ1500073;2026.08.24;13509/26VRD1;daniella;572,88;728;visszaigazolas
VRG-0195;VEZ1500087;2026.06.12;147898/26VR;daniella;885,5;1125;visszaigazolas
VRG-0195;VEZ1500087;2026.06.12;58530/26VA;daniella;885,5;1125;pdf
VRG-0196;VEZ1600010;2026.06.30;166186/26VR;daniella;79,31;101;visszaigazolas
VRG-0196;VEZ1600010;2026.07.01;10327/26VRD1;daniella;79,31;101;visszaigazolas
VRG-0197;VEZ1600012;2026.06.30;166186/26VR;daniella;79,31;101;visszaigazolas
VRG-0197;VEZ1600012;2026.07.01;10327/26VRD1;daniella;79,31;101;visszaigazolas
VRG-0197;VEZ1600012;2026.07.27;11893/26VRD1;daniella;79,31;101;visszaigazolas
VRG-0197;VEZ1600012;2026.09.10;09293/26VRB;daniella;79,15;101;modositas
VRG-0197;VEZ1600012;2026.09.10;09293/26VRB;daniella;79,15;101;modositas
VRG-0197;VEZ1600012;2026.09.10;09293/26VRB;daniella;79,31;101;modositas
VRG-0197;VEZ1600012;2026.09.10;09293/26VRB;daniella;79,31;101;modositas
VRG-0197;VEZ1600012;2026.09.10;09293/26VRB;daniella;79,31;101;modositas
VRG-0197;VEZ1600012;2026.09.10;09293/26VRB;daniella;79,67;101;modositas
VRG-0197;VEZ1600012;2026.09.10;09293/26VRB;daniella;79,31;101;visszaigazolas
VRG-0197;VEZ1600012;2026.09.10;09293/26VRB;daniella;79,31;101;visszaigazolas
VRG-0198;VEZ1600013;2026.06.30;166186/26VR;daniella;79,31;101;visszaigazolas
VRG-0198;VEZ1600013;2026.07.01;10327/26VRD1;daniella;79,31;101;visszaigazolas
VRG-0198;VEZ1600013;2026.07.27;11893/26VRD1;daniella;79,31;101;visszaigazolas
VRG-0199;VEZ1600019;2026.06.30;166186/26VR;daniella;79,31;101;visszaigazolas
VRG-0199;VEZ1600019;2026.07.01;10327/26VRD1;daniella;79,31;101;visszaigazolas
VRG-0199;VEZ1600019;2026.07.27;11893/26VRD1;daniella;79,31;101;visszaigazolas
VRG-0200;VEZ1600023;2026.06.30;166186/26VR;daniella;129,36;164;visszaigazolas
VRG-0200;VEZ1600023;2026.07.01;10327/26VRD1;daniella;129,36;164;visszaigazolas
VRG-0200;VEZ1600023;2026.07.27;11893/26VRD1;daniella;129,36;164;visszaigazolas
VRG-0201;VEZ1600024;2026.06.30;166186/26VR;daniella;129,36;164;visszaigazolas
VRG-0201;VEZ1600024;2026.07.01;10327/26VRD1;daniella;129,36;164;visszaigazolas
VRG-0201;VEZ1600024;2026.07.27;11893/26VRD1;daniella;129,36;164;visszaigazolas
VRG-0202;VEZ1600027;2026.06.30;166186/26VR;daniella;129,36;164;visszaigazolas
VRG-0202;VEZ1600027;2026.07.01;10327/26VRD1;daniella;129,36;164;visszaigazolas
VRG-0202;VEZ1600027;2026.07.27;11893/26VRD1;daniella;129,36;164;visszaigazolas
VRG-0203;VEZ1800044;2026.07.03;06900/26VRB;daniella;298,76;379;visszaigazolas
VRG-0204;VEZ1800080;2026.07.03;06900/26VRB;daniella;441,21;560;visszaigazolas
VRG-0205;VEZ2100001;2026.06.30;166186/26VR;daniella;258,72;329;visszaigazolas
VRG-0205;VEZ2100001;2026.07.01;10327/26VRD1;daniella;258,72;329;visszaigazolas
VRG-0205;VEZ2100001;2026.09.07;14408/26VRD1;daniella;260,26;331;pdf
VRG-0205;VEZ2100001;2026.09.08;14408/26VRD1;daniella;260,26;331;modositas
VRG-0206;VEZ2100002;2026.09.07;14408/26VRD1;daniella;260,26;331;pdf
VRG-0206;VEZ2100002;2026.09.08;14408/26VRD1;daniella;260,26;331;modositas
VRG-0207;VEZ2100006;2026.06.12;147898/26VR;daniella;277,2;352;visszaigazolas
VRG-0207;VEZ2100006;2026.06.12;58530/26VA;daniella;277,2;352;pdf
VRG-0207;VEZ2100006;2026.07.27;11893/26VRD1;daniella;277,2;352;visszaigazolas
VRG-0207;VEZ2100006;2026.07.29;12045/26VRU;daniella;262,8;334;visszaigazolas
VRG-0207;VEZ2100006;2026.08.05;203724/26VR;daniella;277,2;352;visszaigazolas
VRG-0208;VEZ2100007;2026.09.07;14408/26VRD1;daniella;396,55;504;pdf
VRG-0208;VEZ2100007;2026.09.08;14408/26VRD1;daniella;396,55;504;modositas
VRG-0209;VEZ2100011;2026.06.12;147898/26VR;daniella;431,2;548;visszaigazolas
VRG-0209;VEZ2100011;2026.06.12;58530/26VA;daniella;431,2;548;pdf
VRG-0210;VEZ2100030;2026.06.30;166186/26VR;daniella;433,51;551;visszaigazolas
VRG-0210;VEZ2100030;2026.07.01;10327/26VRD1;daniella;433,51;551;visszaigazolas
VRG-0210;VEZ2100030;2026.09.07;14408/26VRD1;daniella;438,9;557;pdf
VRG-0210;VEZ2100030;2026.09.08;14408/26VRD1;daniella;438,9;557;modositas
VRG-0211;WAGO2212411;2026.06.12;147898/26VR;daniella;124,1;158;visszaigazolas
VRG-0211;WAGO2212411;2026.06.12;58530/26VA;daniella;124,1;158;pdf
VRG-0212;WAGO221415;2026.06.12;147898/26VR;daniella;197,83;251;visszaigazolas
VRG-0212;WAGO221415;2026.06.12;58530/26VA;daniella;197,83;251;pdf
VRG-0213;WAGO221613;2026.07.27;11893/26VRD1;daniella;220,46;280;visszaigazolas
VRG-0214;WAGO222415;2026.07.27;11893/26VRD1;daniella;186,88;237;visszaigazolas
VRG-0215;WAGO2273203;2026.07.27;11893/26VRD1;daniella;47,45;60;visszaigazolas
VRG-0215;WAGO2273203;2026.09.07;14408/26VRD1;daniella;47,45;60;pdf
VRG-0215;WAGO2273203;2026.09.08;14408/26VRD1;daniella;47,45;60;modositas
VRG-0216;WAGO2273205;2026.07.27;11893/26VRD1;daniella;65,7;83;visszaigazolas
VRG-0217;WEI1560650000;2026.06.17;02762/26VR8;daniella;802,75;1019;visszaigazolas
VRG-0217;WEI1560650000;2026.08.24;13509/26VRD1;daniella;1004,4;1276;visszaigazolas
VRG-0217;WEI1560650000;2026.08.24;13509/26VRD1;daniella;1004,4;1276;visszaigazolas
VRG-0218;WEI1560670000;2026.06.17;02762/26VR8;daniella;802,75;1019;visszaigazolas
VRG-0218;WEI1560670000;2026.08.24;13509/26VRD1;daniella;1004,4;1276;visszaigazolas
VRG-0218;WEI1560670000;2026.08.24;13509/26VRD1;daniella;1004,4;1276;visszaigazolas
VRG-0219;WEI1560730000;2026.06.17;02762/26VR8;daniella;802,75;1019;visszaigazolas
VRG-0219;WEI1560730000;2026.07.24;07665/26VRB;daniella;830,8;1055;visszaigazolas
VRG-0219;WEI1560730000;2026.08.18;08554/26VRB;daniella;830,8;1055;visszaigazolas
VRG-0219;WEI1560730000;2026.08.24;13509/26VRD1;daniella;1004,4;1276;visszaigazolas
VRG-0219;WEI1560730000;2026.08.24;13509/26VRD1;daniella;1004,4;1276;visszaigazolas
VRG-0220;WEI2657810000;2026.07.31;12218/26VRU;daniella;716,85;910;visszaigazolas
