bizonylat;datum;tipus;vrg_id;daniella_cikkszam;megnevezes_a_bizonylaton;mennyiseg;egyseg_kiszereles;netto_egysegar_huf;brutto_ertek_huf;hivatkozas;forras_fajl
10859/26VRY;2026.09.16;modositas;VRG-0007;BUDT30305;Műa. doboz fedő 65mm, rugós Budvill;1,00 db;200 db;35,72;45;;FIGYELEM! A rendelés módosult! (1).eml
10859/26VRY;2026.09.16;modositas;VRG-0010;DEL038;Ha. ceruza 120W 118mm. R7s deLux (DEL038);1,00 db;50 db;394,74;501;;FIGYELEM! A rendelés módosult! (1).eml
10859/26VRY;2026.09.16;modositas;VRG-0154;SCHR9XFH112;Fésűs sín 1P villás, 12 modul, 63A, RESI9 R9XFH112 Schneider;1,00 db;10 db;1272;1615;;FIGYELEM! A rendelés módosult! (1).eml
14408/26VRD1;2026.09.08;modositas;VRG-0024;GEWDX15020R;Gégecső lépésálló 20/100 fekete (SGN) 750N FK15 DX15020R Gewiss;200,00 fm;100 fm;109,06;27701;;FIGYELEM! A rendelés módosult! (10).eml
14408/26VRD1;2026.09.08;modositas;VRG-0100;OBO2003702;Műa. doboz 65mm, perforált, sorolható, 66mm mély, UG 66 2003702 OBO;10,00 db;25 db;83,74;1063;;FIGYELEM! A rendelés módosult! (10).eml
14408/26VRD1;2026.09.08;modositas;VRG-0099;OBO2003700;Műa. doboz 65mm, perforált, sorolható, 46mm mély, UG 46 2003700 OBO;15,00 db;25 db;53,72;1023;;FIGYELEM! A rendelés módosult! (10).eml
14408/26VRD1;2026.09.08;modositas;VRG-0208;VEZ2100007;NYM-J 3x 2,5 (100);100,00 fm;100 fm;396,55;50362;;FIGYELEM! A rendelés módosult! (10).eml
14408/26VRD1;2026.09.08;modositas;VRG-0210;VEZ2100030;(939109 ) NYM-J 5x 1,5 (0);50,00 fm;1 fm;438,9;27870;;FIGYELEM! A rendelés módosult! (10).eml
14408/26VRD1;2026.09.08;modositas;VRG-0035;GEWGW40053BD;Kiselosztó falonkívüli 4/72 átlátszó ajtóval IP40 PE/N dupla sínnel GW40053BD;1,00 db;1 db;48288,16;61326;;FIGYELEM! A rendelés módosult! (10).eml
14408/26VRD1;2026.09.08;modositas;VRG-0145;SCHEZ9F57432;4C 32A 6kA Schneider EASY9 PRO EZ9F57432 kismegszakító;1,00 db;3 db;5595,2;7106;;FIGYELEM! A rendelés módosult! (10).eml
14408/26VRD1;2026.09.08;modositas;VRG-0149;SCHEZ9R49440;FI relé 40/4-0,03 EASY9 PRO, A osztály!!! EZ9R49440 Schneider;1,00 db;3 db;14000;17780;;FIGYELEM! A rendelés módosult! (10).eml
14408/26VRD1;2026.09.08;modositas;VRG-0133;SCHEZ9F57106;1C 6A 6kA Schneider EASY9 PRO EZ9F57106 kismegszakító;6,00 db;12 db;1145,6;8729;;FIGYELEM! A rendelés módosult! (10).eml
14408/26VRD1;2026.09.08;modositas;VRG-0138;SCHEZ9F57206;2C 6A 6kA Schneider EASY9 PRO EZ9F57206 kismegszakító;1,00 db;6 db;2628,8;3339;;FIGYELEM! A rendelés módosult! (10).eml
14408/26VRD1;2026.09.08;modositas;VRG-0136;SCHEZ9F57116;1C 16A 6kA Schneider EASY9 PRO EZ9F57116 kismegszakító;6,00 db;12 db;920;7010;;FIGYELEM! A rendelés módosult! (10).eml
14408/26VRD1;2026.09.08;modositas;VRG-0134;SCHEZ9F57110;1C 10A 6kA Schneider EASY9 PRO EZ9F57110 kismegszakító;7,00 db;12 db;1063,2;9452;;FIGYELEM! A rendelés módosult! (10).eml
14408/26VRD1;2026.09.08;modositas;VRG-0154;SCHR9XFH112;Fésűs sín 1P villás, 12 modul, 63A, RESI9 R9XFH112 Schneider;5,00 db;10 db;1272;8077;;FIGYELEM! A rendelés módosult! (10).eml
14408/26VRD1;2026.09.08;modositas;VRG-0080;LEG753121;Valena Life fehér 2P+F aljzat, rugós 753121 Legrand;25,00 db;15 db;1790,1;56836;;FIGYELEM! A rendelés módosult! (10).eml
14408/26VRD1;2026.09.08;modositas;VRG-0079;LEG752107;Valena Life fehér 107 keresztkapcsoló 752107 Legrand;1,00 db;5 db;3582,54;4550;;FIGYELEM! A rendelés módosult! (10).eml
14408/26VRD1;2026.09.08;modositas;VRG-0078;LEG752106;Valena Life fehér 106 váltókapcsoló 752106 Legrand;4,00 db;15 db;2329,08;11832;;FIGYELEM! A rendelés módosult! (10).eml
14408/26VRD1;2026.09.08;modositas;VRG-0077;LEG752101;Valena Life fehér 101 egypólusú kapcsoló 752101 Legrand;3,00 db;15 db;1790,1;6820;;FIGYELEM! A rendelés módosult! (10).eml
14408/26VRD1;2026.09.08;modositas;VRG-0082;LEG754001;Valena Life fehér keret 1-es 754001 Legrand;20,00 db;20 db;484,38;12303;;FIGYELEM! A rendelés módosult! (10).eml
14408/26VRD1;2026.09.08;modositas;VRG-0083;LEG754002;Valena Life fehér keret 2-es, tetszőleges 754002 Legrand;6,00 db;10 db;872,82;6651;;FIGYELEM! A rendelés módosult! (10).eml
14408/26VRD1;2026.09.08;modositas;VRG-0089;LEG782373;Forix IP44 fehér 2P+F GYV CSF csatlakozóaljzat csapófedéllel fk. 782373 Legrand;2,00 db;10 db;1526,46;3877;;FIGYELEM! A rendelés módosult! (10).eml
14408/26VRD1;2026.09.08;modositas;VRG-0164;STI1497;Kötődoboz 150x110x70 membrános IP65 Stilo (STI1497) /S-BOX helyett/;4,00 db;1 db;963,2;4893;;FIGYELEM! A rendelés módosult! (10).eml
14408/26VRD1;2026.09.08;modositas;VRG-0098;OBO2000378;Kötődoboz 100x100x38 A14 IP55 OBO 2000378;4,00 db;1 db;496,91;2524;;FIGYELEM! A rendelés módosult! (10).eml
14408/26VRD1;2026.09.08;modositas;VRG-0215;WAGO2273203;WAGO 3x 0,5-2,5mm2 vez.összekötő narancs 2273-203;100,00 db;100 db;47,45;6026;;FIGYELEM! A rendelés módosult! (10).eml
14408/26VRD1;2026.09.08;modositas;VRG-0057;KAB1400014;(939082 ) NYY-J 3x 1,5 (0) RE;30,00 fm;1 fm;339,3;12927;;FIGYELEM! A rendelés módosult! (10).eml
14408/26VRD1;2026.09.08;modositas;VRG-0012;DEL1745;LED reflektor 30W 4000K mozgásérzékelős 2400lm IP65 120 fok SMD, lapos, fekete delux DEL1745;1,00 db;1 db;7559,4;9600;;FIGYELEM! A rendelés módosult! (10).eml
14408/26VRD1;2026.09.08;modositas;VRG-0020;EKP4377STANDARD;SMR-M 230V Kapcsoló alá szerelhető dimmer, Elko Ep, 4377;1,00 db;1 db;21395,74;27173;;FIGYELEM! A rendelés módosult! (10).eml
14408/26VRD1;2026.09.08;modositas;VRG-0084;LEG754005;Valena Life fehér keret 5-ös, tetszőleges 754005 Legrand;1,00 db;10 db;2911,74;3698;;FIGYELEM! A rendelés módosult! (10).eml
14408/26VRD1;2026.09.08;modositas;VRG-0184;VEZ1000133;(989689 ) Számítógép vezeték CAT6 - UTP fali réz PVC (0) BITNER;50,00 fm;1 fm;170,17;10806;;FIGYELEM! A rendelés módosult! (10).eml
14408/26VRD1;2026.09.08;modositas;VRG-0004;BELDE1583EVAGOS;(939081 ) Számítógép vezeték CAT5 E - UTP fali réz PVC (0) BELDEN 1583e;40,00 fm;1 fm;161,46;8202;;FIGYELEM! A rendelés módosult! (10).eml
14408/26VRD1;2026.09.08;modositas;VRG-0081;LEG753142;Valena Life fehér 1xRJ45 UTP Cat6 aljzat 753142 Legrand;1,00 db;5 db;4891,38;6212;;FIGYELEM! A rendelés módosult! (10).eml
14408/26VRD1;2026.09.08;modositas;VRG-0073;LEG413102;LEGRAND 413102 OH kalapsínre szerelhető RJ45 port Cat6 árnyékolt (FTP) 250MHz - 1 Gigabit/s;2,00 db;4 db;2226,12;5654;;FIGYELEM! A rendelés módosult! (10).eml
14408/26VRD1;2026.09.08;modositas;VRG-0063;KIWA81004;Túlfesz.védő PO I 4 280V 12,5kA T1+T2+T3 (B+C+D) KIWA 81.004;1,00 db;1 db;32929,4;41820;;FIGYELEM! A rendelés módosult! (10).eml
14408/26VRD1;2026.09.08;modositas;VRG-0046;HENKKL54;Fővezeték sorkapocs 5P 4x1,5-25mm2 szürke-kék-z/s KKL 54 Hensel;1,00 db;1 db;9618,96;12216;;FIGYELEM! A rendelés módosult! (10).eml
14408/26VRD1;2026.09.08;modositas;VRG-0002;BEG92565;Jelenlét érzékelő süllyeszthető 360 PD2-M-1C-DE IP20 92565 B.E.G;1,00 db;1 db;25399,66;32258;;FIGYELEM! A rendelés módosult! (10).eml
14408/26VRD1;2026.09.08;modositas;VRG-0158;SEZ1001081400;Pawbol kötődoboz 190x140x70 S S-BOX 416 (400363) SEZ;4,00 db;20 db;1975,63;10036;;FIGYELEM! A rendelés módosult! (10).eml
14408/26VRD1;2026.09.08;modositas;VRG-0206;VEZ2100002;NYM-J 3x 1,5 (100);100,00 fm;100 fm;260,26;33053;;FIGYELEM! A rendelés módosult! (10).eml
14408/26VRD1;2026.09.08;modositas;VRG-0205;VEZ2100001;NYM-J 3x 1,5 ( 50) FEHÉR v. SZÜRKE;50,00 fm;50 fm;260,26;16527;;FIGYELEM! A rendelés módosult! (10).eml
14408/26VRD1;2026.09.08;modositas;VRG-0103;OBO2149010;Csőbilincs D-20 OBO M20 2955 /Mü.II/ Quick 2149010;100,00 db;100 db;31,6;4013;;FIGYELEM! A rendelés módosult! (10).eml
14408/26VRD1;2026.09.08;modositas;VRG-0116;PORA374K8RXL;Védőkesztyű, precíziós nitril, fekete, XL-es GP Grip 18 A374K8RXL Portwest;2,00 pár;1 pár;1127,7;2864;;FIGYELEM! A rendelés módosult! (10).eml
14408/26VRD1;2026.09.08;modositas;VRG-0173;STI746;Érv.h. szig. 10/12 elefántcsont E10-12 STI746 Stilo;100,00 db;100 db;13,76;1748;;FIGYELEM! A rendelés módosult! (10).eml
14408/26VRD1;2026.09.08;modositas;VRG-0161;SOMTS52WH;Telefon Moduláris dugóhoz törésgátló fehér TS 52/WH;5,00 db;1 db;48,14;306;;FIGYELEM! A rendelés módosult! (10).eml
14408/26VRD1;2026.09.08;modositas;VRG-0159;SOM0889;Telefon Moduláris dugó 8P8C árnyékolt Cat 5-hoz (FTP);5,00 db;1 db;102,92;654;;FIGYELEM! A rendelés módosult! (10).eml
14408/26VRD1;2026.09.08;modositas;VRG-0094;NVT10009;Sittes zsák vastag 90x55cm;5,00 db;25 db;131,14;833;;FIGYELEM! A rendelés módosult! (10).eml
08564/26VRB;2026.09.04;modositas;VRG-0101;OBO2005312;OBO X16 H25 GNP5 LGR Leágazódoboz f vezetéki sorkapoccsal 240x191x125 világosszürke 2005312;2,00 db;1 db;20778,58;52778;;FIGYELEM! A rendelés módosult! (11).eml
15044/26VRD1;2026.09.15;modositas;VRG-0022;ELTM32TOLDO;Symalen toldó M32;1,00 db;15 db;127,68;162;;FIGYELEM! A rendelés módosult! (2).eml
15044/26VRD1;2026.09.15;modositas;VRG-0004;BELDE1583EVAGOS;(939023 ) Számítógép vezeték CAT5 E - UTP fali réz PVC (0) BELDEN 1583e;50,00 fm;1 fm;161,46;10253;;FIGYELEM! A rendelés módosult! (2).eml
09293/26VRB;2026.09.10;modositas;VRG-0197;VEZ1600012;H07V-U 1x 1,5 fekete (100);100,00 fm;100 fm;79,15;10052;;FIGYELEM! A rendelés módosult! (3).eml
09293/26VRB;2026.09.10;modositas;VRG-0103;OBO2149010;Csőbilincs D-20 OBO M20 2955 /Mü.II/ Quick 2149010;20,00 db;100 db;31,6;803;;FIGYELEM! A rendelés módosult! (3).eml
09293/26VRB;2026.09.10;modositas;VRG-0034;GEWDX43220;Kötődobozhoz egyenes csatlakozó 20-as (csőadapter) IP67 szürke hal.mentes DX43220 Gewiss;9,00 db;1 db;478,06;5464;;FIGYELEM! A rendelés módosult! (3).eml
09293/26VRB;2026.09.10;modositas;VRG-0029;GEWDX40020;Karmantyú Mü.II. 20 IP40 szürke hal.mentes DX40020 Gewiss;10,00 db;1 db;90,2;1146;;FIGYELEM! A rendelés módosult! (3).eml
09293/26VRB;2026.09.10;modositas;VRG-0197;VEZ1600012;H07V-U 1x 1,5 fekete (100);100,00 fm;100 fm;79,15;10052;;FIGYELEM! A rendelés módosult! (4).eml
09293/26VRB;2026.09.10;modositas;VRG-0103;OBO2149010;Csőbilincs D-20 OBO M20 2955 /Mü.II/ Quick 2149010;20,00 db;100 db;31,6;803;;FIGYELEM! A rendelés módosult! (4).eml
09293/26VRB;2026.09.10;modositas;VRG-0034;GEWDX43220;Kötődobozhoz egyenes csatlakozó 20-as (csőadapter) IP67 szürke hal.mentes DX43220 Gewiss;9,00 db;1 db;478,06;5464;;FIGYELEM! A rendelés módosult! (4).eml
09293/26VRB;2026.09.10;modositas;VRG-0029;GEWDX40020;Karmantyú Mü.II. 20 IP40 szürke hal.mentes DX40020 Gewiss;10,00 db;1 db;90,2;1146;;FIGYELEM! A rendelés módosult! (4).eml
09293/26VRB;2026.09.10;modositas;VRG-0197;VEZ1600012;H07V-U 1x 1,5 fekete (100);100,00 fm;100 fm;79,31;10072;;FIGYELEM! A rendelés módosult! (5).eml
09293/26VRB;2026.09.10;modositas;VRG-0103;OBO2149010;Csőbilincs D-20 OBO M20 2955 /Mü.II/ Quick 2149010;20,00 db;100 db;31,6;803;;FIGYELEM! A rendelés módosult! (5).eml
09293/26VRB;2026.09.10;modositas;VRG-0034;GEWDX43220;Kötődobozhoz egyenes csatlakozó 20-as (csőadapter) IP67 szürke hal.mentes DX43220 Gewiss;9,00 db;1 db;478,06;5464;;FIGYELEM! A rendelés módosult! (5).eml
09293/26VRB;2026.09.10;modositas;VRG-0197;VEZ1600012;H07V-U 1x 1,5 fekete (100);100,00 fm;100 fm;79,31;10072;;FIGYELEM! A rendelés módosult! (6).eml
09293/26VRB;2026.09.10;modositas;VRG-0103;OBO2149010;Csőbilincs D-20 OBO M20 2955 /Mü.II/ Quick 2149010;20,00 db;100 db;31,6;803;;FIGYELEM! A rendelés módosult! (6).eml
09293/26VRB;2026.09.10;modositas;VRG-0095;NYUGMFL20;Gégecső toldó 20 MFL20 Inset;10,00 db;50 db;85,12;1081;;FIGYELEM! A rendelés módosult! (6).eml
09293/26VRB;2026.09.10;modositas;VRG-0034;GEWDX43220;Kötődobozhoz egyenes csatlakozó 20-as (csőadapter) IP67 szürke hal.mentes DX43220 Gewiss;9,00 db;1 db;478,06;5464;;FIGYELEM! A rendelés módosult! (6).eml
09293/26VRB;2026.09.10;modositas;VRG-0197;VEZ1600012;H07V-U 1x 1,5 fekete (100);100,00 fm;100 fm;79,31;10072;;FIGYELEM! A rendelés módosult! (7).eml
09293/26VRB;2026.09.10;modositas;VRG-0103;OBO2149010;Csőbilincs D-20 OBO M20 2955 /Mü.II/ Quick 2149010;20,00 db;100 db;31,6;803;;FIGYELEM! A rendelés módosult! (7).eml
09293/26VRB;2026.09.10;modositas;VRG-0095;NYUGMFL20;Gégecső toldó 20 MFL20 Inset;10,00 db;50 db;85,12;1081;;FIGYELEM! A rendelés módosult! (7).eml
09293/26VRB;2026.09.10;modositas;VRG-0034;GEWDX43220;Kötődobozhoz egyenes csatlakozó 20-as (csőadapter) IP67 szürke hal.mentes DX43220 Gewiss;9,00 db;1 db;478,06;5464;;FIGYELEM! A rendelés módosult! (7).eml
09293/26VRB;2026.09.10;modositas;VRG-0197;VEZ1600012;H07V-U 1x 1,5 fekete (100);100,00 fm;100 fm;79,67;10118;;FIGYELEM! A rendelés módosult! (8).eml
09293/26VRB;2026.09.10;modositas;VRG-0103;OBO2149010;Csőbilincs D-20 OBO M20 2955 /Mü.II/ Quick 2149010;20,00 db;100 db;31,6;803;;FIGYELEM! A rendelés módosult! (8).eml
09293/26VRB;2026.09.10;modositas;VRG-0095;NYUGMFL20;Gégecső toldó 20 MFL20 Inset;10,00 db;50 db;85,12;1081;;FIGYELEM! A rendelés módosult! (8).eml
14406/26VRD1;2026.09.08;modositas;VRG-0108;OBO5000750XXX1;OBO 219 20 ST FT rúdföldelő standard 1,5m 5000750 helyette ideiglenesen: OBO5000947;3,00 db;1 db;8080,91;30788;;FIGYELEM! A rendelés módosult! (9).eml
14406/26VRD1;2026.09.08;modositas;VRG-0055;JPR2058;J.P.2058 ütőcsúcs 20;1,00 db;1 db;1047,14;1330;;FIGYELEM! A rendelés módosult! (9).eml
14406/26VRD1;2026.09.08;modositas;VRG-0109;OBO5001641;OBO 2760 20 FT csatlakozóbilincs kör- és laposvezetőhöz 20mm 5001641;1,00 db;1 db;2813,19;3573;;FIGYELEM! A rendelés módosult! (9).eml
14406/26VRD1;2026.09.08;modositas;VRG-0009;DEHN556125;DEHN KSB 50 L10M Korrózióvédő szalag szélesség 50 mm L 10m 556125;1,00 db;24 db;4731,72;6009;;FIGYELEM! A rendelés módosult! (9).eml
14406/26VRD1;2026.09.08;modositas;VRG-0168;STI1784;Multikapocs, Vario összekötő horganyzott M10 Rd8-10 BLKLEUNIVZ2-10VK-40 STI1784;1,00 db;1 db;435,16;553;;FIGYELEM! A rendelés módosult! (9).eml
14406/26VRD1;2026.09.08;modositas;VRG-0045;HAU290662;Ónozott saru (SZ 10-10) 290662 Haupa;5,00 db;100 db;85,6;544;;FIGYELEM! A rendelés módosult! (9).eml
14406/26VRD1;2026.09.08;modositas;VRG-0172;STI671;Szemes csősaru ST- 50-10 Stilo (STI671);1,00 db;50 db;481,6;612;;FIGYELEM! A rendelés módosult! (9).eml
14406/26VRD1;2026.09.08;modositas;VRG-0165;STI1501;Kötődoboz 100x100x70 sima falú IP65 Stilo (STI1501) /S-BOX helyett/;1,00 db;1 db;575,34;731;;FIGYELEM! A rendelés módosult! (9).eml
15229/26VRD1;2026.09.17;modositas;VRG-0095;NYUGMFL20;Gégecső toldó 20 MFL20 Inset;10,00 db;50 db;85,12;1081;;FIGYELEM! A rendelés módosult!.eml
15229/26VRD1;2026.09.17;modositas;VRG-0055;JPR2058;J.P.2058 ütőcsúcs 20;1,00 db;1 db;1047,14;1330;;FIGYELEM! A rendelés módosult!.eml
15229/26VRD1;2026.09.17;modositas;VRG-0053;JPR111356;J.P.111356 csatlakozó-kapocs;2,00 db;1 db;2379,64;6044;;FIGYELEM! A rendelés módosult!.eml
10825/26VRY;2026.09.16;visszaigazolas;VRG-0126;SCHEPH5800421;ASFORA fehér keret 4-es, vízszintes EPH5800421;1,00 db;1 db;1139,2;1447;;Rendelés visszaigazolás (Hefler Tamás) (1).eml
10825/26VRY;2026.09.16;visszaigazolas;VRG-0013;DUND1101;Műa. doboz 100x100mm fedél nélkül, sárga D-1101 Dunszt;1,00 db;100 db;240,16;305;;Rendelés visszaigazolás (Hefler Tamás) (1).eml
10825/26VRY;2026.09.16;visszaigazolas;VRG-0014;DUND1102;Műa. doboz fedő 100x100mm D-1102 (D1101 dobozhoz) Dunszt;2,00 db;50 db;139,84;355;;Rendelés visszaigazolás (Hefler Tamás) (1).eml
10825/26VRY;2026.09.16;visszaigazolas;VRG-0007;BUDT30305;Műa. doboz fedő 65mm, rugós Budvill;1,00 db;200 db;35,72;45;;Rendelés visszaigazolás (Hefler Tamás) (1).eml
13635/26VRD1;2026.08.25;visszaigazolas;VRG-0110;POL2080136;Fővezeték sorkapocs 2x 25/2x16mm2 szürke HLAK 25-1/2 M2, 2080136 Pollmann;1,00 db;1 db;927,11;1177;;Rendelés visszaigazolás (Hefler Tamás) (10).eml
13635/26VRD1;2026.08.25;visszaigazolas;VRG-0111;POL2080137;Fővezeték sorkapocs 2x 25/2x16mm2 kék HLAK 25-1/2 M2, 2080137 Pollmann;1,00 db;1 db;927,11;1177;;Rendelés visszaigazolás (Hefler Tamás) (10).eml
13635/26VRD1;2026.08.25;visszaigazolas;VRG-0112;POL2080138;Fővezeték sorkapocs 2x 25/2x16mm2 z/s HLAK 25-1/2 M2, 2080138 Pollmann;1,00 db;1 db;927,11;1177;;Rendelés visszaigazolás (Hefler Tamás) (10).eml
13635/26VRD1;2026.08.25;visszaigazolas;VRG-0128;SCHEZ9EUC112;Kiselosztó falonkívüli 1/12 átlátszó ajtóval IP40 PE/N sínnel Easy9 EU EZ9EUC112;1,00 db;1 db;4456;5659;;Rendelés visszaigazolás (Hefler Tamás) (10).eml
13635/26VRD1;2026.08.25;visszaigazolas;VRG-0130;SCHEZ9EUC312;Kiselosztó falonkívüli 3/36 átlátszó ajtóval IP40 PE/N sínnel Easy9 EU EZ9EUC312;1,00 db;1 db;10997,6;13967;;Rendelés visszaigazolás (Hefler Tamás) (10).eml
13635/26VRD1;2026.08.25;visszaigazolas;VRG-0134;SCHEZ9F57110;1C 10A 6kA Schneider EASY9 PRO EZ9F57110 kismegszakító;2,00 db;12 db;1063,2;2701;;Rendelés visszaigazolás (Hefler Tamás) (10).eml
13635/26VRD1;2026.08.25;visszaigazolas;VRG-0135;SCHEZ9F57113;1C 13A 6kA Schneider EASY9 PRO EZ9F57113 kismegszakító;3,00 db;12 db;980,8;3737;;Rendelés visszaigazolás (Hefler Tamás) (10).eml
13635/26VRD1;2026.08.25;visszaigazolas;VRG-0136;SCHEZ9F57116;1C 16A 6kA Schneider EASY9 PRO EZ9F57116 kismegszakító;3,00 db;12 db;920;3505;;Rendelés visszaigazolás (Hefler Tamás) (10).eml
13635/26VRD1;2026.08.25;visszaigazolas;VRG-0143;SCHEZ9F57320;3C 20A 6kA Schneider EASY9 PRO EZ9F57320 kismegszakító;1,00 db;4 db;3617,6;4594;;Rendelés visszaigazolás (Hefler Tamás) (10).eml
13635/26VRD1;2026.08.25;visszaigazolas;VRG-0147;SCHEZ9R49240;FI relé 40/2-0,03 EASY9 PRO, A osztály!!! EZ9R49240 Schneider;1,00 db;6 db;10704;13594;;Rendelés visszaigazolás (Hefler Tamás) (10).eml
13635/26VRD1;2026.08.25;visszaigazolas;VRG-0154;SCHR9XFH112;Fésűs sín 1P villás, 12 modul, 63A, RESI9 R9XFH112 Schneider;2,00 db;10 db;1272;3231;;Rendelés visszaigazolás (Hefler Tamás) (10).eml
13509/26VRD1;2026.08.24;visszaigazolas;VRG-0025;GEWDX15025R;Gégecső lépésálló 25/75 fekete (SGN) 750N FK15 DX15025R Gewiss;75,00 fm;75 fm;183,68;17496;;Rendelés visszaigazolás (Hefler Tamás) (11).eml
13509/26VRD1;2026.08.24;visszaigazolas;VRG-0149;SCHEZ9R49440;FI relé 40/4-0,03 EASY9 PRO, A osztály!!! EZ9R49440 Schneider;1,00 db;3 db;14000;17780;;Rendelés visszaigazolás (Hefler Tamás) (11).eml
13509/26VRD1;2026.08.24;visszaigazolas;VRG-0059;KAB1800011;H05RR-F 3x1,5 (100) (GT);100,00 fm;100 fm;358,82;45570;;Rendelés visszaigazolás (Hefler Tamás) (11).eml
13509/26VRD1;2026.08.24;visszaigazolas;VRG-0107;OBO2250209;OBO bilincs 2037 12-20mm 2250209;100,00 db;1 db;94,8;12040;;Rendelés visszaigazolás (Hefler Tamás) (11).eml
13509/26VRD1;2026.08.24;visszaigazolas;VRG-0163;STI1123;TS-sín 0.5 fm-es 35mm perforált, 1mm vastag, (STI1123) Stilo;1,00 db;1 db;339,79;432;;Rendelés visszaigazolás (Hefler Tamás) (11).eml
13509/26VRD1;2026.08.24;visszaigazolas;VRG-0140;SCHEZ9F57213;2C 13A 6kA Schneider EASY9 PRO EZ9F57213 kismegszakító;5,00 db;6 db;2464;15646;;Rendelés visszaigazolás (Hefler Tamás) (11).eml
13509/26VRD1;2026.08.24;visszaigazolas;VRG-0192;VEZ1500067;H07V-K 1x10 kék (0);2,00 fm;1 fm;567,49;1441;;Rendelés visszaigazolás (Hefler Tamás) (11).eml
13509/26VRD1;2026.08.24;visszaigazolas;VRG-0190;VEZ1500065;H07V-K 1x10 fekete (0);3,00 fm;1 fm;566,72;2159;;Rendelés visszaigazolás (Hefler Tamás) (11).eml
13509/26VRD1;2026.08.24;visszaigazolas;VRG-0194;VEZ1500073;H07V-K 1x10 z/s (0);3,00 fm;1 fm;572,88;2183;;Rendelés visszaigazolás (Hefler Tamás) (11).eml
13509/26VRD1;2026.08.24;visszaigazolas;VRG-0040;GEWGW50417;Tömszelence M25 +anya IP66 szürke GW50417 Gewiss;5,00 db;1 db;546,94;3473;;Rendelés visszaigazolás (Hefler Tamás) (11).eml
13509/26VRD1;2026.08.24;visszaigazolas;VRG-0219;WEI1560730000;Fővezeték sorkapocs 2x 25/2x16mm2 szürke WPD101, 1560730000 Weidmüller;3,00 db;1 db;1004,4;3827;;Rendelés visszaigazolás (Hefler Tamás) (11).eml
13509/26VRD1;2026.08.24;visszaigazolas;VRG-0218;WEI1560670000;Fővezeték sorkapocs 2x 25/2x16mm2 kék WPD101, 1560670000 Weidmüller;1,00 db;1 db;1004,4;1276;;Rendelés visszaigazolás (Hefler Tamás) (11).eml
13509/26VRD1;2026.08.24;visszaigazolas;VRG-0217;WEI1560650000;Fővezeték sorkapocs 2x 25/2x16mm2 zöld WPD101, 1560650000 Weidmüller;1,00 db;1 db;1004,4;1276;;Rendelés visszaigazolás (Hefler Tamás) (11).eml
13509/26VRD1;2026.08.24;visszaigazolas;VRG-0176;TRAE22I;Érv.h. iker 2* 6,0/14 sárga E22I Tracon;20,00 db;100 db;78,85;2003;;Rendelés visszaigazolás (Hefler Tamás) (11).eml
13509/26VRD1;2026.08.24;visszaigazolas;VRG-0178;UNI012673;MIK 40/60 kábelcsatorna fedéllel fehér, UV-álló, lángálló 012673 Univolt;2,00 fm;2 fm;1019,16;2589;;Rendelés visszaigazolás (Hefler Tamás) (11).eml
13509/26VRD1;2026.08.24;visszaigazolas;VRG-0119;SCHEPH2970121;ASFORA fehér 2P+F csatlakozóaljzat, keret nélkül! EPH2970121 (120 db-os);3,00 db;120 db;854,4;3255;;Rendelés visszaigazolás (Hefler Tamás) (11).eml
13509/26VRD1;2026.08.24;visszaigazolas;VRG-0025;GEWDX15025R;Gégecső lépésálló 25/75 fekete (SGN) 750N FK15 DX15025R Gewiss;75,00 fm;75 fm;183,68;17496;;Rendelés visszaigazolás (Hefler Tamás) (12).eml
13509/26VRD1;2026.08.24;visszaigazolas;VRG-0149;SCHEZ9R49440;FI relé 40/4-0,03 EASY9 PRO, A osztály!!! EZ9R49440 Schneider;1,00 db;3 db;14000;17780;;Rendelés visszaigazolás (Hefler Tamás) (12).eml
13509/26VRD1;2026.08.24;visszaigazolas;VRG-0059;KAB1800011;H05RR-F 3x1,5 (100) (GT);100,00 fm;100 fm;358,82;45570;;Rendelés visszaigazolás (Hefler Tamás) (12).eml
13509/26VRD1;2026.08.24;visszaigazolas;VRG-0107;OBO2250209;OBO bilincs 2037 12-20mm 2250209;100,00 db;1 db;94,8;12040;;Rendelés visszaigazolás (Hefler Tamás) (12).eml
13509/26VRD1;2026.08.24;visszaigazolas;VRG-0163;STI1123;TS-sín 0.5 fm-es 35mm perforált, 1mm vastag, (STI1123) Stilo;1,00 db;1 db;339,79;432;;Rendelés visszaigazolás (Hefler Tamás) (12).eml
13509/26VRD1;2026.08.24;visszaigazolas;VRG-0140;SCHEZ9F57213;2C 13A 6kA Schneider EASY9 PRO EZ9F57213 kismegszakító;5,00 db;6 db;2464;15646;;Rendelés visszaigazolás (Hefler Tamás) (12).eml
13509/26VRD1;2026.08.24;visszaigazolas;VRG-0192;VEZ1500067;H07V-K 1x10 kék (0);2,00 fm;1 fm;567,49;1441;;Rendelés visszaigazolás (Hefler Tamás) (12).eml
13509/26VRD1;2026.08.24;visszaigazolas;VRG-0190;VEZ1500065;H07V-K 1x10 fekete (0);3,00 fm;1 fm;566,72;2159;;Rendelés visszaigazolás (Hefler Tamás) (12).eml
13509/26VRD1;2026.08.24;visszaigazolas;VRG-0194;VEZ1500073;H07V-K 1x10 z/s (0);3,00 fm;1 fm;572,88;2183;;Rendelés visszaigazolás (Hefler Tamás) (12).eml
13509/26VRD1;2026.08.24;visszaigazolas;VRG-0040;GEWGW50417;Tömszelence M25 +anya IP66 szürke GW50417 Gewiss;5,00 db;1 db;546,94;3473;;Rendelés visszaigazolás (Hefler Tamás) (12).eml
13509/26VRD1;2026.08.24;visszaigazolas;VRG-0219;WEI1560730000;Fővezeték sorkapocs 2x 25/2x16mm2 szürke WPD101, 1560730000 Weidmüller;3,00 db;1 db;1004,4;3827;;Rendelés visszaigazolás (Hefler Tamás) (12).eml
13509/26VRD1;2026.08.24;visszaigazolas;VRG-0218;WEI1560670000;Fővezeték sorkapocs 2x 25/2x16mm2 kék WPD101, 1560670000 Weidmüller;1,00 db;1 db;1004,4;1276;;Rendelés visszaigazolás (Hefler Tamás) (12).eml
13509/26VRD1;2026.08.24;visszaigazolas;VRG-0217;WEI1560650000;Fővezeték sorkapocs 2x 25/2x16mm2 zöld WPD101, 1560650000 Weidmüller;1,00 db;1 db;1004,4;1276;;Rendelés visszaigazolás (Hefler Tamás) (12).eml
13509/26VRD1;2026.08.24;visszaigazolas;VRG-0176;TRAE22I;Érv.h. iker 2* 6,0/14 sárga E22I Tracon;20,00 db;100 db;78,85;2003;;Rendelés visszaigazolás (Hefler Tamás) (12).eml
13509/26VRD1;2026.08.24;visszaigazolas;VRG-0178;UNI012673;MIK 40/60 kábelcsatorna fedéllel fehér, UV-álló, lángálló 012673 Univolt;2,00 fm;2 fm;1019,16;2589;;Rendelés visszaigazolás (Hefler Tamás) (12).eml
13509/26VRD1;2026.08.24;visszaigazolas;VRG-0119;SCHEPH2970121;ASFORA fehér 2P+F csatlakozóaljzat, keret nélkül! EPH2970121 (120 db-os);3,00 db;120 db;854,4;3255;;Rendelés visszaigazolás (Hefler Tamás) (12).eml
08554/26VRB;2026.08.18;visszaigazolas;VRG-0134;SCHEZ9F57110;1C 10A 6kA Schneider EASY9 PRO EZ9F57110 kismegszakító;5,00 db;12 db;996,75;6329;;Rendelés visszaigazolás (Hefler Tamás) (13).eml
08554/26VRB;2026.08.18;visszaigazolas;VRG-0135;SCHEZ9F57113;1C 13A 6kA Schneider EASY9 PRO EZ9F57113 kismegszakító;9,00 db;12 db;919,5;10510;;Rendelés visszaigazolás (Hefler Tamás) (13).eml
08554/26VRB;2026.08.18;visszaigazolas;VRG-0136;SCHEZ9F57116;1C 16A 6kA Schneider EASY9 PRO EZ9F57116 kismegszakító;3,00 db;12 db;862,5;3286;;Rendelés visszaigazolás (Hefler Tamás) (13).eml
08554/26VRB;2026.08.18;visszaigazolas;VRG-0142;SCHEZ9F57316;3C 16A 6kA Schneider EASY9 PRO EZ9F57316 kismegszakító;1,00 db;4 db;3314,25;4209;;Rendelés visszaigazolás (Hefler Tamás) (13).eml
08554/26VRB;2026.08.18;visszaigazolas;VRG-0143;SCHEZ9F57320;3C 20A 6kA Schneider EASY9 PRO EZ9F57320 kismegszakító;1,00 db;4 db;3391,5;4307;;Rendelés visszaigazolás (Hefler Tamás) (13).eml
08554/26VRB;2026.08.18;visszaigazolas;VRG-0149;SCHEZ9R49440;FI relé 40/4-0,03 EASY9 PRO, A osztály!!! EZ9R49440 Schneider;1,00 db;3 db;13125;16669;;Rendelés visszaigazolás (Hefler Tamás) (13).eml
08554/26VRB;2026.08.18;visszaigazolas;VRG-0173;STI746;Érv.h. szig. 10/12 elefántcsont E10-12 STI746 Stilo;100,00 db;100 db;13,76;1748;;Rendelés visszaigazolás (Hefler Tamás) (13).eml
08554/26VRB;2026.08.18;visszaigazolas;VRG-0219;WEI1560730000;Fővezeték sorkapocs 2x 25/2x16mm2 szürke WPD101, 1560730000 Weidmüller;2,00 db;1 db;830,8;2110;;Rendelés visszaigazolás (Hefler Tamás) (13).eml
08492/26VRB;2026.08.17;visszaigazolas;VRG-0137;SCHEZ9F57120;1C 20A 6kA Schneider EASY9 PRO EZ9F57120 kismegszakító;1,00 db;12 db;919,5;1168;;Rendelés visszaigazolás (Hefler Tamás) (14).eml
08434/26VRB;2026.08.14;visszaigazolas;VRG-0185;VEZ1500004;H07V-K 1x 1,5 fekete (100);100,00 fm;100 fm;78,54;9975;;Rendelés visszaigazolás (Hefler Tamás) (15).eml
08434/26VRB;2026.08.14;visszaigazolas;VRG-0184;VEZ1000133;Számítógép vezeték CAT6 - UTP fali réz PVC (0) BITNER;12,00 fm;1 fm;200,2;3051;;Rendelés visszaigazolás (Hefler Tamás) (15).eml
08365/26VRB;2026.08.13;visszaigazolas;VRG-0006;BUDT30103;MüDN 100 doboz;5,00 db;1 db;567,72;3605;;Rendelés visszaigazolás (Hefler Tamás) (16).eml
08365/26VRB;2026.08.13;visszaigazolas;VRG-0037;GEWGW48002;GW Kötődoboz sülly. 118x96x50 IP40 GW 48002;2,00 db;1 db;386,22;981;;Rendelés visszaigazolás (Hefler Tamás) (16).eml
203724/26VR;2026.08.05;visszaigazolas;VRG-0024;GEWDX15020R;Gégecső lépésálló 20/100 fekete (SGN) 750N FK15 DX15020R Gewiss;100,00 fm;100 fm;93,1;11824;;Rendelés visszaigazolás (Hefler Tamás) (17).eml
203724/26VR;2026.08.05;visszaigazolas;VRG-0025;GEWDX15025R;Gégecső lépésálló 25/75 fekete (SGN) 750N FK15 DX15025R Gewiss;150,00 fm;75 fm;156,8;29870;;Rendelés visszaigazolás (Hefler Tamás) (17).eml
203724/26VR;2026.08.05;visszaigazolas;VRG-0129;SCHEZ9EUC212;Kiselosztó falonkívüli 2/24 átlátszó ajtóval IP40 PE/N sínnel Easy9 EU EZ9EUC212;1,00 db;1 db;8057,6;10233;;Rendelés visszaigazolás (Hefler Tamás) (17).eml
203724/26VR;2026.08.05;visszaigazolas;VRG-0041;GIP00010;Gipsz stukatúr 10kg/zsák;5,00 db;1 db;1570,36;9972;;Rendelés visszaigazolás (Hefler Tamás) (17).eml
203724/26VR;2026.08.05;visszaigazolas;VRG-0207;VEZ2100006;NYM-J 3x 1,5 (0);25,00 fm;1 fm;277,2;8801;;Rendelés visszaigazolás (Hefler Tamás) (17).eml
203724/26VR;2026.08.05;visszaigazolas;VRG-0104;OBO2149016;Csőbilincs D-25 OBO M25 2955 /MÜ.II/ Quick 2149016;20,00 db;100 db;52,14;1324;;Rendelés visszaigazolás (Hefler Tamás) (17).eml
203724/26VR;2026.08.05;visszaigazolas;VRG-0103;OBO2149010;Csőbilincs D-20 OBO M20 2955 /Mü.II/ Quick 2149010;20,00 db;100 db;31,6;803;;Rendelés visszaigazolás (Hefler Tamás) (17).eml
203724/26VR;2026.08.05;visszaigazolas;VRG-0005;BUD25863;Műa. doboz 80mm, perforált, tetővel 25863 Budvill;10,00 db;150 db;96,52;1226;;Rendelés visszaigazolás (Hefler Tamás) (17).eml
203724/26VR;2026.08.05;visszaigazolas;VRG-0069;KOPP356102005;Kötődoboz 100x100 süllyesztett, müds csavaros KOPP 356102005;2,00 db;1 db;756,13;1921;;Rendelés visszaigazolás (Hefler Tamás) (17).eml
203724/26VR;2026.08.05;visszaigazolas;VRG-0186;VEZ1500032;H07V-K 1x 4 fekete (0);15,00 fm;1 fm;222,53;4239;;Rendelés visszaigazolás (Hefler Tamás) (17).eml
203724/26VR;2026.08.05;visszaigazolas;VRG-0187;VEZ1500034;H07V-K 1x 4 kék (0);15,00 fm;1 fm;222,53;4239;;Rendelés visszaigazolás (Hefler Tamás) (17).eml
203724/26VR;2026.08.05;visszaigazolas;VRG-0188;VEZ1500044;H07V-K 1x 4 z/s (0);15,00 fm;1 fm;222,53;4239;;Rendelés visszaigazolás (Hefler Tamás) (17).eml
12218/26VRU;2026.07.31;visszaigazolas;VRG-0125;SCHEPH5800321;ASFORA fehér keret 3-as, vízszintes EPH5800321;1,00 db;15 db;729,75;927;;Rendelés visszaigazolás (Hefler Tamás) (18).eml
12218/26VRU;2026.07.31;visszaigazolas;VRG-0126;SCHEPH5800421;ASFORA fehér keret 4-es, vízszintes EPH5800421;1,00 db;1 db;1068;1356;;Rendelés visszaigazolás (Hefler Tamás) (18).eml
12218/26VRU;2026.07.31;visszaigazolas;VRG-0160;SOMFF1;F-csatlakozó FF 1;8,00 db;1 db;53,12;540;;Rendelés visszaigazolás (Hefler Tamás) (18).eml
12218/26VRU;2026.07.31;visszaigazolas;VRG-0166;STI1603;Vezeték nélküli csengő dugaljas, 300m IP44, AC 230V beltéri egységgel Stilo STI1603;1,00 db;1 db;4291,4;5450;;Rendelés visszaigazolás (Hefler Tamás) (18).eml
12218/26VRU;2026.07.31;visszaigazolas;VRG-0121;SCHEPH3200121;ASFORA fehér TV aljzat végzáró 1 dB kerettel EPH3200121;1,00 db;10 db;1824,75;2317;;Rendelés visszaigazolás (Hefler Tamás) (18).eml
12218/26VRU;2026.07.31;visszaigazolas;VRG-0019;EAT275413;NBP-1000 Takarólap 45mm, szürke RAL7035 (1m) 275413 (Y7-275413) Eaton;1,00 db;1 db;1149,2;1459;;Rendelés visszaigazolás (Hefler Tamás) (18).eml
12218/26VRU;2026.07.31;visszaigazolas;VRG-0220;WEI2657810000;Fésűs sín 1P villás, 12 modul, 63A, Weidmüller 2657810000 Készlet Erejéig!;1,00 db;1 db;716,85;910;;Rendelés visszaigazolás (Hefler Tamás) (18).eml
12218/26VRU;2026.07.31;visszaigazolas;VRG-0071;LEG050316;DFO-16 LEG. 050316 2+F dugvilla. műa. fehér;1,00 db;25 db;480,48;610;;Rendelés visszaigazolás (Hefler Tamás) (18).eml
07594/26VRB;2026.07.23;visszaigazolas;VRG-0182;VEZ1000091;Számítógép vezeték CAT5 E - UTP fali CCA!! (0);30,00 fm;1 fm;122,43;4665;;Rendelés visszaigazolás (Hefler Tamás) (19).eml
15044/26VRD1;2026.09.15;visszaigazolas;VRG-0022;ELTM32TOLDO;Symalen toldó M32;1,00 db;15 db;127,68;162;;Rendelés visszaigazolás (Hefler Tamás) (2).eml
07594/26VRB;2026.07.23;visszaigazolas;VRG-0182;VEZ1000091;Számítógép vezeték CAT5 E - UTP fali CCA!! (0);30,00 fm;1 fm;122,43;4665;;Rendelés visszaigazolás (Hefler Tamás) (20).eml
187739/26VR;2026.07.21;visszaigazolas;VRG-0147;SCHEZ9R49240;FI relé 40/2-0,03 EASY9 PRO, A osztály!!! EZ9R49240 Schneider;1,00 db;6 db;10035;12744;;Rendelés visszaigazolás (Hefler Tamás) (21).eml
187739/26VR;2026.07.21;visszaigazolas;VRG-0154;SCHR9XFH112;Fésűs sín 1P villás, 12 modul, 63A, RESI9 R9XFH112 Schneider;1,00 db;10 db;1272;1615;;Rendelés visszaigazolás (Hefler Tamás) (21).eml
187739/26VR;2026.07.21;visszaigazolas;VRG-0156;SEZ1000580800;Védővezető csatlakozó PE12 (zöld) 12/Z (300254) SEZ;1,00 db;1 db;611,72;777;;Rendelés visszaigazolás (Hefler Tamás) (21).eml
187739/26VR;2026.07.21;visszaigazolas;VRG-0157;SEZ1000580900;Nullvezető csatlakozó N12 (kék) 12/N 12/N (300255) SEZ;1,00 db;1 db;611,72;777;;Rendelés visszaigazolás (Hefler Tamás) (21).eml
187739/26VR;2026.07.21;visszaigazolas;VRG-0186;VEZ1500032;H07V-K 1x 4 fekete (0);6,00 fm;1 fm;222,53;1696;;Rendelés visszaigazolás (Hefler Tamás) (21).eml
187739/26VR;2026.07.21;visszaigazolas;VRG-0187;VEZ1500034;H07V-K 1x 4 kék (0);2,00 fm;1 fm;222,53;565;;Rendelés visszaigazolás (Hefler Tamás) (21).eml
187739/26VR;2026.07.21;visszaigazolas;VRG-0188;VEZ1500044;H07V-K 1x 4 z/s (0);2,00 fm;1 fm;222,53;565;;Rendelés visszaigazolás (Hefler Tamás) (21).eml
187739/26VR;2026.07.21;visszaigazolas;VRG-0149;SCHEZ9R49440;FI relé 40/4-0,03 EASY9 PRO, A osztály!!! EZ9R49440 Schneider;1,00 db;3 db;13125;16669;;Rendelés visszaigazolás (Hefler Tamás) (21).eml
187739/26VR;2026.07.21;visszaigazolas;VRG-0150;SCHR9F04110;1B 10A 4,5kA Schneider RESI9 R9F04110 kismegszakító;1,00 db;12 db;1240,8;1576;;Rendelés visszaigazolás (Hefler Tamás) (21).eml
187739/26VR;2026.07.21;visszaigazolas;VRG-0151;SCHR9F14113;1C 13A 4,5kA Schneider RESI9 R9F14113 kismegszakító;15,00 db;12 db;1182,4;22525;;Rendelés visszaigazolás (Hefler Tamás) (21).eml
187739/26VR;2026.07.21;visszaigazolas;VRG-0152;SCHR9F14116;1C 16A 4,5kA Schneider RESI9 R9F14116 kismegszakító;7,00 db;12 db;1125,6;10007;;Rendelés visszaigazolás (Hefler Tamás) (21).eml
187739/26VR;2026.07.21;visszaigazolas;VRG-0153;SCHR9F14320;3C 20A 4,5kA Schneider RESI9 R9F14320 kismegszakító;1,00 db;4 db;4255,2;5404;;Rendelés visszaigazolás (Hefler Tamás) (21).eml
187739/26VR;2026.07.21;visszaigazolas;VRG-0155;SCHR9XFH312;Fésűs sín 3P villás, 12 modul, 63A RESI9 R9XFH312 Schneider;4,00 db;5 db;3032;15403;;Rendelés visszaigazolás (Hefler Tamás) (21).eml
187739/26VR;2026.07.21;visszaigazolas;VRG-0147;SCHEZ9R49240;FI relé 40/2-0,03 EASY9 PRO, A osztály!!! EZ9R49240 Schneider;1,00 db;6 db;10035;12744;;Rendelés visszaigazolás (Hefler Tamás) (22).eml
187739/26VR;2026.07.21;visszaigazolas;VRG-0154;SCHR9XFH112;Fésűs sín 1P villás, 12 modul, 63A, RESI9 R9XFH112 Schneider;1,00 db;10 db;1272;1615;;Rendelés visszaigazolás (Hefler Tamás) (22).eml
187739/26VR;2026.07.21;visszaigazolas;VRG-0156;SEZ1000580800;Védővezető csatlakozó PE12 (zöld) 12/Z (300254) SEZ;1,00 db;1 db;611,72;777;;Rendelés visszaigazolás (Hefler Tamás) (22).eml
187739/26VR;2026.07.21;visszaigazolas;VRG-0157;SEZ1000580900;Nullvezető csatlakozó N12 (kék) 12/N 12/N (300255) SEZ;1,00 db;1 db;611,72;777;;Rendelés visszaigazolás (Hefler Tamás) (22).eml
187739/26VR;2026.07.21;visszaigazolas;VRG-0186;VEZ1500032;H07V-K 1x 4 fekete (0);6,00 fm;1 fm;222,53;1696;;Rendelés visszaigazolás (Hefler Tamás) (22).eml
187739/26VR;2026.07.21;visszaigazolas;VRG-0187;VEZ1500034;H07V-K 1x 4 kék (0);2,00 fm;1 fm;222,53;565;;Rendelés visszaigazolás (Hefler Tamás) (22).eml
187739/26VR;2026.07.21;visszaigazolas;VRG-0188;VEZ1500044;H07V-K 1x 4 z/s (0);2,00 fm;1 fm;222,53;565;;Rendelés visszaigazolás (Hefler Tamás) (22).eml
187739/26VR;2026.07.21;visszaigazolas;VRG-0149;SCHEZ9R49440;FI relé 40/4-0,03 EASY9 PRO, A osztály!!! EZ9R49440 Schneider;1,00 db;3 db;13125;16669;;Rendelés visszaigazolás (Hefler Tamás) (22).eml
187739/26VR;2026.07.21;visszaigazolas;VRG-0150;SCHR9F04110;1B 10A 4,5kA Schneider RESI9 R9F04110 kismegszakító;1,00 db;12 db;1240,8;1576;;Rendelés visszaigazolás (Hefler Tamás) (22).eml
187739/26VR;2026.07.21;visszaigazolas;VRG-0151;SCHR9F14113;1C 13A 4,5kA Schneider RESI9 R9F14113 kismegszakító;15,00 db;12 db;1182,4;22525;;Rendelés visszaigazolás (Hefler Tamás) (22).eml
187739/26VR;2026.07.21;visszaigazolas;VRG-0152;SCHR9F14116;1C 16A 4,5kA Schneider RESI9 R9F14116 kismegszakító;7,00 db;12 db;1125,6;10007;;Rendelés visszaigazolás (Hefler Tamás) (22).eml
187739/26VR;2026.07.21;visszaigazolas;VRG-0153;SCHR9F14320;3C 20A 4,5kA Schneider RESI9 R9F14320 kismegszakító;1,00 db;4 db;4255,2;5404;;Rendelés visszaigazolás (Hefler Tamás) (22).eml
187739/26VR;2026.07.21;visszaigazolas;VRG-0155;SCHR9XFH312;Fésűs sín 3P villás, 12 modul, 63A RESI9 R9XFH312 Schneider;4,00 db;5 db;3032;15403;;Rendelés visszaigazolás (Hefler Tamás) (22).eml
11893/26VRD1;2026.07.27;visszaigazolas;VRG-0039;GEWGW48007;GW Kötődoboz sülly. 294x152x75 IP40 GW 48007;1,00 db;1 db;1592,5;2022;;Rendelés visszaigazolás (Hefler Tamás) (23).eml
11893/26VRD1;2026.07.27;visszaigazolas;VRG-0038;GEWGW48005;GW Kötődoboz sülly. 160x130x70 IP40 GW 48005;1,00 db;1 db;822,5;1045;;Rendelés visszaigazolás (Hefler Tamás) (23).eml
11893/26VRD1;2026.07.27;visszaigazolas;VRG-0018;DUW18320;Műa. doboz 65mm, perforált, sorolható, 65mm mély, E107 M25 F-Tronic;15,00 db;1 db;63,84;1216;;Rendelés visszaigazolás (Hefler Tamás) (23).eml
11893/26VRD1;2026.07.27;visszaigazolas;VRG-0017;DUW18310;Műa. doboz 65mm, perforált, sorolható, E-106 (18310) F-Tronic;20,00 db;1 db;42,33;1075;;Rendelés visszaigazolás (Hefler Tamás) (23).eml
11893/26VRD1;2026.07.27;visszaigazolas;VRG-0181;UNI084058;Gégecső lépésálló 25/50 (fekete) UV-álló FXP-TURBO 084058 Univolt;50,00 fm;50 fm;231,8;14719;;Rendelés visszaigazolás (Hefler Tamás) (23).eml
11893/26VRD1;2026.07.27;visszaigazolas;VRG-0180;UNI084057;Gégecső lépésálló 20/50 (fekete) UV-álló FXP-TURBO 084057 Univolt;50,00 fm;50 fm;174,04;11052;;Rendelés visszaigazolás (Hefler Tamás) (23).eml
11893/26VRD1;2026.07.27;visszaigazolas;VRG-0095;NYUGMFL20;Gégecső toldó 20 MFL20 Inset;5,00 db;50 db;85,12;541;;Rendelés visszaigazolás (Hefler Tamás) (23).eml
11893/26VRD1;2026.07.27;visszaigazolas;VRG-0096;NYUGMFL25;Gégecső toldó 25 MFL25 Inset;5,00 db;20 db;98,8;627;;Rendelés visszaigazolás (Hefler Tamás) (23).eml
11893/26VRD1;2026.07.27;visszaigazolas;VRG-0200;VEZ1600023;H07V-U 1x 2,5 fekete (100);100,00 fm;100 fm;129,36;16429;;Rendelés visszaigazolás (Hefler Tamás) (23).eml
11893/26VRD1;2026.07.27;visszaigazolas;VRG-0201;VEZ1600024;H07V-U 1x 2,5 kék (100);100,00 fm;100 fm;129,36;16429;;Rendelés visszaigazolás (Hefler Tamás) (23).eml
11893/26VRD1;2026.07.27;visszaigazolas;VRG-0202;VEZ1600027;H07V-U 1x 2,5 z/s (100);100,00 fm;100 fm;129,36;16429;;Rendelés visszaigazolás (Hefler Tamás) (23).eml
11893/26VRD1;2026.07.27;visszaigazolas;VRG-0197;VEZ1600012;H07V-U 1x 1,5 fekete (100);100,00 fm;100 fm;79,31;10072;;Rendelés visszaigazolás (Hefler Tamás) (23).eml
11893/26VRD1;2026.07.27;visszaigazolas;VRG-0198;VEZ1600013;H07V-U 1x 1,5 kék (100);100,00 fm;100 fm;79,31;10072;;Rendelés visszaigazolás (Hefler Tamás) (23).eml
11893/26VRD1;2026.07.27;visszaigazolas;VRG-0199;VEZ1600019;H07V-U 1x 1,5 z/s (100);100,00 fm;100 fm;79,31;10072;;Rendelés visszaigazolás (Hefler Tamás) (23).eml
11893/26VRD1;2026.07.27;visszaigazolas;VRG-0036;GEWGW48001;GW Kötődoboz sülly. 92x92x45 IP40 GW 48001;1,00 db;1 db;317,34;403;;Rendelés visszaigazolás (Hefler Tamás) (23).eml
11893/26VRD1;2026.07.27;visszaigazolas;VRG-0215;WAGO2273203;WAGO 3x 0,5-2,5mm2 vez.összekötő narancs 2273-203;30,00 db;100 db;47,45;1808;;Rendelés visszaigazolás (Hefler Tamás) (23).eml
11893/26VRD1;2026.07.27;visszaigazolas;VRG-0216;WAGO2273205;WAGO 5x 0,5-2,5mm2 vez.összekötő sárga 2273-205;20,00 db;100 db;65,7;1669;;Rendelés visszaigazolás (Hefler Tamás) (23).eml
11893/26VRD1;2026.07.27;visszaigazolas;VRG-0213;WAGO221613;WAGO 221-613 vez.összekötő sodrott 3-as, átlátszó 6mm2 30db;10,00 db;1 db;220,46;2800;;Rendelés visszaigazolás (Hefler Tamás) (23).eml
11893/26VRD1;2026.07.27;visszaigazolas;VRG-0118;SCHEPH2900121;ASFORA fehér 2P+F csatlakozóaljzat kerettel EPH2900121;15,00 db;10 db;874,5;16659;;Rendelés visszaigazolás (Hefler Tamás) (23).eml
11893/26VRD1;2026.07.27;visszaigazolas;VRG-0117;SCHEPH0400121;ASFORA fehér 106 rugós kerettel EPH0400121;2,00 db;10 db;1035;2629;;Rendelés visszaigazolás (Hefler Tamás) (23).eml
11893/26VRD1;2026.07.27;visszaigazolas;VRG-0207;VEZ2100006;NYM-J 3x 1,5 (0);15,00 fm;1 fm;277,2;5281;;Rendelés visszaigazolás (Hefler Tamás) (23).eml
11893/26VRD1;2026.07.27;visszaigazolas;VRG-0214;WAGO222415;WAGO 222-415 vez.összekötő sodrott 5-ös;10,00 db;1 db;186,88;2373;;Rendelés visszaigazolás (Hefler Tamás) (23).eml
11893/26VRD1;2026.07.27;visszaigazolas;VRG-0126;SCHEPH5800421;ASFORA fehér keret 4-es, vízszintes EPH5800421;1,00 db;1 db;1068;1356;;Rendelés visszaigazolás (Hefler Tamás) (23).eml
11893/26VRD1;2026.07.27;visszaigazolas;VRG-0124;SCHEPH5800221;ASFORA fehér keret 2-es, vízszintes EPH5800221;1,00 db;25 db;455,25;578;;Rendelés visszaigazolás (Hefler Tamás) (23).eml
11893/26VRD1;2026.07.27;visszaigazolas;VRG-0041;GIP00010;Gipsz stukatúr 10kg/zsák;2,00 db;1 db;1570,36;3989;;Rendelés visszaigazolás (Hefler Tamás) (23).eml
11893/26VRD1;2026.07.27;visszaigazolas;VRG-0177;TRAFEH20;Szig.szalag 20x19 fehér Tracon;1,00 db;10 db;471,44;599;;Rendelés visszaigazolás (Hefler Tamás) (23).eml
11893/26VRD1;2026.07.27;visszaigazolas;VRG-0032;GEWDX40125;Könyök Mü II 25 IP40 szürke hal.mentes DX40125 Gewiss;4,00 db;1 db;264,04;1341;;Rendelés visszaigazolás (Hefler Tamás) (23).eml
11893/26VRD1;2026.07.27;visszaigazolas;VRG-0031;GEWDX40120;Könyök Mü II 20 IP40 szürke hal.mentes DX40120 Gewiss;4,00 db;1 db;142,1;722;;Rendelés visszaigazolás (Hefler Tamás) (23).eml
12045/26VRU;2026.07.29;visszaigazolas;VRG-0091;LEG782400;Forix IP20 fehér 101 egypólusú kapcsoló fk. 782400 Legrand;1,00 db;20 db;715,26;908;;Rendelés visszaigazolás (Hefler Tamás) (24).eml
12045/26VRU;2026.07.29;visszaigazolas;VRG-0092;LEG782402;Forix IP20 fehér 101+101 kettős egypólusú kapcsoló fk. 782402 Legrand;1,00 db;20 db;980,46;1245;;Rendelés visszaigazolás (Hefler Tamás) (24).eml
12045/26VRU;2026.07.29;visszaigazolas;VRG-0121;SCHEPH3200121;ASFORA fehér TV aljzat végzáró 1 dB kerettel EPH3200121;1,00 db;10 db;1824,75;2317;;Rendelés visszaigazolás (Hefler Tamás) (24).eml
12045/26VRU;2026.07.29;visszaigazolas;VRG-0122;SCHEPH4300121;ASFORA fehér 1xRJ45 Cat5e UTP aljzat, kerettel EPH4300121;1,00 db;10 db;2865,75;3640;;Rendelés visszaigazolás (Hefler Tamás) (24).eml
12045/26VRU;2026.07.29;visszaigazolas;VRG-0052;HUTOROE7206GSW;Orno felületre szerelhető kettes aljzat 2P+E, IP20, fehér, ToDo OR-OE-7206(GS)/W;1,00 db;1 db;735,14;934;;Rendelés visszaigazolás (Hefler Tamás) (24).eml
12045/26VRU;2026.07.29;visszaigazolas;VRG-0190;VEZ1500065;(1 ) H07V-K 1x10 fekete (0);1,00 fm;1 fm;588,28;747;;Rendelés visszaigazolás (Hefler Tamás) (24).eml
12045/26VRU;2026.07.29;visszaigazolas;VRG-0194;VEZ1500073;(1 ) H07V-K 1x10 z/s (0);1,00 fm;1 fm;588,28;747;;Rendelés visszaigazolás (Hefler Tamás) (24).eml
12045/26VRU;2026.07.29;visszaigazolas;VRG-0207;VEZ2100006;(2 ) NYM-J 3x 1,5 (0);30,00 fm;1 fm;262,8;10013;;Rendelés visszaigazolás (Hefler Tamás) (24).eml
11378/26VRD1;2026.07.17;visszaigazolas;VRG-0115;POL2080185;Fővezeték sorkapocs 2x 35/6x25mm2 zöld HLAK 35-1/6 M2, 2080185 Pollmann;1,00 db;1 db;2720,74;3455;;Rendelés visszaigazolás (Hefler Tamás) (25).eml
07665/26VRB;2026.07.24;visszaigazolas;VRG-0139;SCHEZ9F57210;2C 10A 6kA Schneider EASY9 PRO EZ9F57210 kismegszakító;1,00 db;6 db;2546,4;3234;;Rendelés visszaigazolás (Hefler Tamás) (26).eml
07665/26VRB;2026.07.24;visszaigazolas;VRG-0136;SCHEZ9F57116;1C 16A 6kA Schneider EASY9 PRO EZ9F57116 kismegszakító;6,00 db;12 db;862,5;6572;;Rendelés visszaigazolás (Hefler Tamás) (26).eml
07665/26VRB;2026.07.24;visszaigazolas;VRG-0134;SCHEZ9F57110;1C 10A 6kA Schneider EASY9 PRO EZ9F57110 kismegszakító;2,00 db;12 db;996,75;2532;;Rendelés visszaigazolás (Hefler Tamás) (26).eml
07665/26VRB;2026.07.24;visszaigazolas;VRG-0219;WEI1560730000;Fővezeték sorkapocs 2x 25/2x16mm2 szürke WPD101, 1560730000 Weidmüller;2,00 db;1 db;830,8;2110;;Rendelés visszaigazolás (Hefler Tamás) (26).eml
07665/26VRB;2026.07.24;visszaigazolas;VRG-0091;LEG782400;Forix IP20 fehér 101 egypólusú kapcsoló fk. 782400 Legrand;5,00 db;20 db;715,26;4542;;Rendelés visszaigazolás (Hefler Tamás) (26).eml
11283/26VRD1;2026.07.16;visszaigazolas;VRG-0085;LEG754192;Valena Life fehér kiemelődoboz 2-es 754192 Legrand;4,00 db;5 db;3297,06;16749;;Rendelés visszaigazolás (Hefler Tamás) (27).eml
07251/26VRB;2026.07.14;visszaigazolas;VRG-0028;GEWDX40016;Karmantyú Mü.II. 16 IP40 szürke hal.mentes DX40016 Gewiss;5,00 db;1 db;86,1;547;;Rendelés visszaigazolás (Hefler Tamás) (28).eml
07251/26VRB;2026.07.14;visszaigazolas;VRG-0029;GEWDX40020;Karmantyú Mü.II. 20 IP40 szürke hal.mentes DX40020 Gewiss;5,00 db;1 db;77;489;;Rendelés visszaigazolás (Hefler Tamás) (28).eml
07251/26VRB;2026.07.14;visszaigazolas;VRG-0030;GEWDX40025;Karmantyú Mü.II. 25 IP40 szürke hal.mentes DX40025 Gewiss;5,00 db;1 db;108,5;689;;Rendelés visszaigazolás (Hefler Tamás) (28).eml
07251/26VRB;2026.07.14;visszaigazolas;VRG-0023;GEWDX15016R;Gégecső lépésálló 16/100 fekete (SGN) 750N FK15 DX15016R Gewiss;100,00 fm;100 fm;79,1;10046;;Rendelés visszaigazolás (Hefler Tamás) (28).eml
11028/26VRD1;2026.07.13;visszaigazolas;VRG-0112;POL2080138;Fővezeték sorkapocs 2x 25/2x16mm2 z/s HLAK 25-1/2 M2, 2080138 Pollmann;1,00 db;1 db;927,11;1177;;Rendelés visszaigazolás (Hefler Tamás) (29).eml
14910/26VRD1;2026.09.14;visszaigazolas;VRG-0044;HAU250076;Tömszelence PG42 +anya 30-38mm IP68 szürke 250076 Haupa;2,00 db;5 db;1106,4;2810;;Rendelés visszaigazolás (Hefler Tamás) (3).eml
14910/26VRD1;2026.09.14;visszaigazolas;VRG-0105;OBO2149022;Csőbilincs D-32 OBO M32 2955 /Mü.II/ Quick 2149022;10,00 db;50 db;81,37;1033;;Rendelés visszaigazolás (Hefler Tamás) (3).eml
14910/26VRD1;2026.09.14;visszaigazolas;VRG-0061;KAN70941;Ventilátor EOL 120HT páraérzékelős időkapcsolós Kanlux 70941;1,00 db;1 db;9684,2;12299;;Rendelés visszaigazolás (Hefler Tamás) (3).eml
14910/26VRD1;2026.09.14;visszaigazolas;VRG-0062;KANND12;Kanlux ND 12 szellőzőrács hálóval ND12;1,00 db;1 db;1656,4;2104;;Rendelés visszaigazolás (Hefler Tamás) (3).eml
14910/26VRD1;2026.09.14;visszaigazolas;VRG-0043;HAU250072;Tömszelence PG29 +anya 18-25mm IP68 szürke 250072 Haupa;4,00 db;10 db;429,6;2182;;Rendelés visszaigazolás (Hefler Tamás) (3).eml
14910/26VRD1;2026.09.14;visszaigazolas;VRG-0042;HAU250056;Tömszelence M50 +anya 30-38mm IP68 szürke 250056 Haupa;2,00 db;5 db;924;2347;;Rendelés visszaigazolás (Hefler Tamás) (3).eml
10327/26VRD1;2026.07.01;visszaigazolas;VRG-0050;HGRVF412TD;Kiselosztó süllyesztett 4/48 átlátszó ajtóval IP40 PE/N sínnel HAGER Golf VF412TD;1,00 db;1 db;24418,6;31012;;Rendelés visszaigazolás (Hefler Tamás) (30).eml
10327/26VRD1;2026.07.01;visszaigazolas;VRG-0048;HGRVF112TD;Kiselosztó süllyesztett 1/12 átlátszó ajtóval IP40 PE/N sínnel HAGER Golf VF112TD;1,00 db;1 db;8235,26;10459;;Rendelés visszaigazolás (Hefler Tamás) (30).eml
10327/26VRD1;2026.07.01;visszaigazolas;VRG-0023;GEWDX15016R;Gégecső lépésálló 16/100 fekete (SGN) 750N FK15 DX15016R Gewiss;100,00 fm;100 fm;78,48;9967;;Rendelés visszaigazolás (Hefler Tamás) (30).eml
10327/26VRD1;2026.07.01;visszaigazolas;VRG-0179;UNI083271;Gégecső lépésálló 25/50 (szürke) FXP-TURBO 083271 Univolt;100,00 fm;50 fm;182,4;23165;;Rendelés visszaigazolás (Hefler Tamás) (30).eml
10327/26VRD1;2026.07.01;visszaigazolas;VRG-0017;DUW18310;Műa. doboz 65mm, perforált, sorolható, E-106 (18310) F-Tronic;45,00 db;1 db;42,33;2419;;Rendelés visszaigazolás (Hefler Tamás) (30).eml
10327/26VRD1;2026.07.01;visszaigazolas;VRG-0018;DUW18320;Műa. doboz 65mm, perforált, sorolható, 65mm mély, E107 M25 F-Tronic;15,00 db;1 db;63,84;1216;;Rendelés visszaigazolás (Hefler Tamás) (30).eml
10327/26VRD1;2026.07.01;visszaigazolas;VRG-0015;DUND8001;Műa. doboz 80mm, nem perforált, sárga D-8001 (téglához is);25,00 db;100 db;105,64;3354;;Rendelés visszaigazolás (Hefler Tamás) (30).eml
10327/26VRD1;2026.07.01;visszaigazolas;VRG-0016;DUND8002;Műa. doboz fedő 80mm, rugós D-8002 Dunszt;25,00 db;200 db;72,96;2316;;Rendelés visszaigazolás (Hefler Tamás) (30).eml
10327/26VRD1;2026.07.01;visszaigazolas;VRG-0197;VEZ1600012;H07V-U 1x 1,5 fekete (100);200,00 fm;100 fm;79,31;20145;;Rendelés visszaigazolás (Hefler Tamás) (30).eml
10327/26VRD1;2026.07.01;visszaigazolas;VRG-0198;VEZ1600013;H07V-U 1x 1,5 kék (100);200,00 fm;100 fm;79,31;20145;;Rendelés visszaigazolás (Hefler Tamás) (30).eml
10327/26VRD1;2026.07.01;visszaigazolas;VRG-0196;VEZ1600010;H07V-U 1x 1,5 barna (100);200,00 fm;100 fm;79,31;20145;;Rendelés visszaigazolás (Hefler Tamás) (30).eml
10327/26VRD1;2026.07.01;visszaigazolas;VRG-0199;VEZ1600019;H07V-U 1x 1,5 z/s (100);200,00 fm;100 fm;79,31;20145;;Rendelés visszaigazolás (Hefler Tamás) (30).eml
10327/26VRD1;2026.07.01;visszaigazolas;VRG-0200;VEZ1600023;H07V-U 1x 2,5 fekete (100);200,00 fm;100 fm;129,36;32857;;Rendelés visszaigazolás (Hefler Tamás) (30).eml
10327/26VRD1;2026.07.01;visszaigazolas;VRG-0201;VEZ1600024;H07V-U 1x 2,5 kék (100);200,00 fm;100 fm;129,36;32857;;Rendelés visszaigazolás (Hefler Tamás) (30).eml
10327/26VRD1;2026.07.01;visszaigazolas;VRG-0202;VEZ1600027;H07V-U 1x 2,5 z/s (100);200,00 fm;100 fm;129,36;32857;;Rendelés visszaigazolás (Hefler Tamás) (30).eml
10327/26VRD1;2026.07.01;visszaigazolas;VRG-0008;BUDT888666;MüDK Műanyag doboz fedél 100x100;5,00 db;1 db;44,08;280;;Rendelés visszaigazolás (Hefler Tamás) (30).eml
10327/26VRD1;2026.07.01;visszaigazolas;VRG-0205;VEZ2100001;NYM-J 3x 1,5 ( 50) FEHÉR v. SZÜRKE;50,00 fm;50 fm;258,72;16429;;Rendelés visszaigazolás (Hefler Tamás) (30).eml
10327/26VRD1;2026.07.01;visszaigazolas;VRG-0210;VEZ2100030;(968795 ) NYM-J 5x 1,5 (0);20,00 fm;1 fm;433,51;11011;;Rendelés visszaigazolás (Hefler Tamás) (30).eml
06956/26VRB;2026.07.06;visszaigazolas;VRG-0108;OBO5000750XXX1;OBO 219 20 ST FT rúdföldelő standard 1,5m 5000750 helyette ideiglenesen: OBO5000947;3,00 db;1 db;8080,91;30788;;Rendelés visszaigazolás (Hefler Tamás) (31).eml
06934/26VRB;2026.07.06;visszaigazolas;VRG-0054;JPR1278;J.P.1278 multi kapocs 10/10mm;2,00 db;1 db;1047,14;2660;;Rendelés visszaigazolás (Hefler Tamás) (32).eml
06934/26VRB;2026.07.06;visszaigazolas;VRG-0053;JPR111356;J.P.111356 csatlakozó-kapocs;1,00 db;1 db;2379,64;3022;;Rendelés visszaigazolás (Hefler Tamás) (32).eml
166186/26VR;2026.06.30;visszaigazolas;VRG-0049;HGRVF412PD;Kiselosztó süllyesztett 4/48 teli ajtóval IP40 PE/N sínnel HAGER Golf VF412PD;1,00 db;1 db;24418,6;31012;;Rendelés visszaigazolás (Hefler Tamás) (33).eml
166186/26VR;2026.06.30;visszaigazolas;VRG-0048;HGRVF112TD;Kiselosztó süllyesztett 1/12 átlátszó ajtóval IP40 PE/N sínnel HAGER Golf VF112TD;1,00 db;1 db;8235,26;10459;;Rendelés visszaigazolás (Hefler Tamás) (33).eml
166186/26VR;2026.06.30;visszaigazolas;VRG-0023;GEWDX15016R;Gégecső lépésálló 16/100 fekete (SGN) 750N FK15 DX15016R Gewiss;100,00 fm;100 fm;78,48;9967;;Rendelés visszaigazolás (Hefler Tamás) (33).eml
166186/26VR;2026.06.30;visszaigazolas;VRG-0179;UNI083271;Gégecső lépésálló 25/50 (szürke) FXP-TURBO 083271 Univolt;100,00 fm;50 fm;182,4;23165;;Rendelés visszaigazolás (Hefler Tamás) (33).eml
166186/26VR;2026.06.30;visszaigazolas;VRG-0017;DUW18310;Műa. doboz 65mm, perforált, sorolható, E-106 (18310) F-Tronic;45,00 db;1 db;42,33;2419;;Rendelés visszaigazolás (Hefler Tamás) (33).eml
166186/26VR;2026.06.30;visszaigazolas;VRG-0018;DUW18320;Műa. doboz 65mm, perforált, sorolható, 65mm mély, E107 M25 F-Tronic;15,00 db;1 db;63,84;1216;;Rendelés visszaigazolás (Hefler Tamás) (33).eml
166186/26VR;2026.06.30;visszaigazolas;VRG-0015;DUND8001;Műa. doboz 80mm, nem perforált, sárga D-8001 (téglához is);25,00 db;100 db;105,64;3354;;Rendelés visszaigazolás (Hefler Tamás) (33).eml
166186/26VR;2026.06.30;visszaigazolas;VRG-0016;DUND8002;Műa. doboz fedő 80mm, rugós D-8002 Dunszt;25,00 db;200 db;72,96;2316;;Rendelés visszaigazolás (Hefler Tamás) (33).eml
166186/26VR;2026.06.30;visszaigazolas;VRG-0197;VEZ1600012;H07V-U 1x 1,5 fekete (100);200,00 fm;100 fm;79,31;20145;;Rendelés visszaigazolás (Hefler Tamás) (33).eml
166186/26VR;2026.06.30;visszaigazolas;VRG-0198;VEZ1600013;H07V-U 1x 1,5 kék (100);200,00 fm;100 fm;79,31;20145;;Rendelés visszaigazolás (Hefler Tamás) (33).eml
166186/26VR;2026.06.30;visszaigazolas;VRG-0196;VEZ1600010;H07V-U 1x 1,5 barna (100);200,00 fm;100 fm;79,31;20145;;Rendelés visszaigazolás (Hefler Tamás) (33).eml
166186/26VR;2026.06.30;visszaigazolas;VRG-0199;VEZ1600019;H07V-U 1x 1,5 z/s (100);200,00 fm;100 fm;79,31;20145;;Rendelés visszaigazolás (Hefler Tamás) (33).eml
166186/26VR;2026.06.30;visszaigazolas;VRG-0200;VEZ1600023;H07V-U 1x 2,5 fekete (100);200,00 fm;100 fm;129,36;32857;;Rendelés visszaigazolás (Hefler Tamás) (33).eml
166186/26VR;2026.06.30;visszaigazolas;VRG-0201;VEZ1600024;H07V-U 1x 2,5 kék (100);200,00 fm;100 fm;129,36;32857;;Rendelés visszaigazolás (Hefler Tamás) (33).eml
166186/26VR;2026.06.30;visszaigazolas;VRG-0202;VEZ1600027;H07V-U 1x 2,5 z/s (100);200,00 fm;100 fm;129,36;32857;;Rendelés visszaigazolás (Hefler Tamás) (33).eml
166186/26VR;2026.06.30;visszaigazolas;VRG-0008;BUDT888666;MüDK Műanyag doboz fedél 100x100;5,00 db;1 db;44,08;280;;Rendelés visszaigazolás (Hefler Tamás) (33).eml
166186/26VR;2026.06.30;visszaigazolas;VRG-0205;VEZ2100001;NYM-J 3x 1,5 ( 50) FEHÉR v. SZÜRKE;50,00 fm;50 fm;258,72;16429;;Rendelés visszaigazolás (Hefler Tamás) (33).eml
166186/26VR;2026.06.30;visszaigazolas;VRG-0210;VEZ2100030;NYM-J 5x 1,5 (0);20,00 fm;1 fm;433,51;11011;;Rendelés visszaigazolás (Hefler Tamás) (33).eml
06900/26VRB;2026.07.03;visszaigazolas;VRG-0013;DUND1101;Műa. doboz 100x100mm fedél nélkül, sárga D-1101 Dunszt;5,00 db;100 db;240,16;1525;;Rendelés visszaigazolás (Hefler Tamás) (34).eml
06900/26VRB;2026.07.03;visszaigazolas;VRG-0204;VEZ1800080;H05VV-F 5x 1,5 (0);10,00 fm;1 fm;441,21;5603;;Rendelés visszaigazolás (Hefler Tamás) (34).eml
06900/26VRB;2026.07.03;visszaigazolas;VRG-0203;VEZ1800044;H05VV-F 3x 1,5 (0);25,00 fm;1 fm;298,76;9486;;Rendelés visszaigazolás (Hefler Tamás) (34).eml
176384/26VR;2026.07.09;visszaigazolas;VRG-0146;SCHEZ9R49225;FI relé 25/2-0,03 EASY9 PRO, A osztály!!! EZ9R49225 Schneider;1,00 db;6 db;10209,6;12966;;Rendelés visszaigazolás (Hefler Tamás) (35).eml
176384/26VR;2026.07.09;visszaigazolas;VRG-0136;SCHEZ9F57116;1C 16A 6kA Schneider EASY9 PRO EZ9F57116 kismegszakító;2,00 db;12 db;920;2337;;Rendelés visszaigazolás (Hefler Tamás) (35).eml
176384/26VR;2026.07.09;visszaigazolas;VRG-0132;SCHEZ9F27110;1B 10A 6kA Schneider EASY9 PRO EZ9F27110 kismegszakító;4,00 db;12 db;1145,6;5820;;Rendelés visszaigazolás (Hefler Tamás) (35).eml
176384/26VR;2026.07.09;visszaigazolas;VRG-0140;SCHEZ9F57213;2C 13A 6kA Schneider EASY9 PRO EZ9F57213 kismegszakító;3,00 db;6 db;2464;9388;;Rendelés visszaigazolás (Hefler Tamás) (35).eml
176384/26VR;2026.07.09;visszaigazolas;VRG-0139;SCHEZ9F57210;2C 10A 6kA Schneider EASY9 PRO EZ9F57210 kismegszakító;1,00 db;6 db;2546,4;3234;;Rendelés visszaigazolás (Hefler Tamás) (35).eml
176384/26VR;2026.07.09;visszaigazolas;VRG-0135;SCHEZ9F57113;1C 13A 6kA Schneider EASY9 PRO EZ9F57113 kismegszakító;3,00 db;12 db;980,8;3737;;Rendelés visszaigazolás (Hefler Tamás) (35).eml
176384/26VR;2026.07.09;visszaigazolas;VRG-0141;SCHEZ9F57216;2C 16A 6kA Schneider EASY9 PRO EZ9F57216 kismegszakító;1,00 db;6 db;2381,6;3025;;Rendelés visszaigazolás (Hefler Tamás) (35).eml
176384/26VR;2026.07.09;visszaigazolas;VRG-0131;SCHEZ9F27106;1B 6A 6kA Schneider EASY9 PRO EZ9F27106 kismegszakító;1,00 db;12 db;1228;1560;;Rendelés visszaigazolás (Hefler Tamás) (35).eml
176384/26VR;2026.07.09;visszaigazolas;VRG-0127;SCHEZ9A34223;EASY9 PRO Moduláris csengő, 230VAC EZ9A34223 Schneider;1,00 db;12 db;4276,8;5432;;Rendelés visszaigazolás (Hefler Tamás) (35).eml
176384/26VR;2026.07.09;visszaigazolas;VRG-0154;SCHR9XFH112;Fésűs sín 1P villás, 12 modul, 63A, RESI9 R9XFH112 Schneider;4,00 db;10 db;1272;6462;;Rendelés visszaigazolás (Hefler Tamás) (35).eml
176384/26VR;2026.07.09;visszaigazolas;VRG-0114;POL2080184;Fővezeték sorkapocs 2x 35/6x25mm2 kék HLAK 35-1/6 M2, 2080184 Pollmann;1,00 db;1 db;2720,74;3455;;Rendelés visszaigazolás (Hefler Tamás) (35).eml
176384/26VR;2026.07.09;visszaigazolas;VRG-0113;POL2080183;Fővezeték sorkapocs 2x 35/6x25mm2 szürke HLAK 35-1/6 M2, 2080183 Pollmann;1,00 db;1 db;2720,74;3455;;Rendelés visszaigazolás (Hefler Tamás) (35).eml
176384/26VR;2026.07.09;visszaigazolas;VRG-0190;VEZ1500065;H07V-K 1x10 fekete (0);3,00 fm;1 fm;588,28;2241;;Rendelés visszaigazolás (Hefler Tamás) (35).eml
176384/26VR;2026.07.09;visszaigazolas;VRG-0192;VEZ1500067;H07V-K 1x10 kék (0);3,00 fm;1 fm;588,28;2241;;Rendelés visszaigazolás (Hefler Tamás) (35).eml
176384/26VR;2026.07.09;visszaigazolas;VRG-0194;VEZ1500073;H07V-K 1x10 z/s (0);3,00 fm;1 fm;588,28;2241;;Rendelés visszaigazolás (Hefler Tamás) (35).eml
176384/26VR;2026.07.09;visszaigazolas;VRG-0001;ABB1SPE007717F0721;Kiselosztó falonkívüli 4/48 átlátszó ajtóval IP41 PE/N sínnel ABB Mistral41W 1SPE007717F0721;1,00 db;1 db;37720;47904;;Rendelés visszaigazolás (Hefler Tamás) (35).eml
02762/26VR8;2026.06.17;visszaigazolas;VRG-0087;LEG764506;Niloé fehér 105 csillárkapcsoló 764506 ÚJ! Legrand;1,00 db;20 db;939,12;1193;;Rendelés visszaigazolás (Hefler Tamás) (36).eml
02762/26VR8;2026.06.17;visszaigazolas;VRG-0068;KOPKPL6450LDNA;Gipszkarton doboz 1-es, d68mm, 50mm mély, sárga, légtömített KPL 64-50/LD NA Kopos;1,00 db;1 db;408,85;519;;Rendelés visszaigazolás (Hefler Tamás) (36).eml
02762/26VR8;2026.06.17;visszaigazolas;VRG-0167;STI1628;Wi-Fi okos dugalj (2P+F), 1x16A, fehér Stilo STI1628;1,00 db;1 db;3431,4;4358;;Rendelés visszaigazolás (Hefler Tamás) (36).eml
02762/26VR8;2026.06.17;visszaigazolas;VRG-0175;STI942;MCSN 100x60 (szél/mag) 2m/szál STILO (STI942) (18 fm/köteg);2,00 fm;2 fm;1124,25;2856;;Rendelés visszaigazolás (Hefler Tamás) (36).eml
02762/26VR8;2026.06.17;visszaigazolas;VRG-0218;WEI1560670000;Fővezeték sorkapocs 2x 25/2x16mm2 kék WPD101, 1560670000 Weidmüller;1,00 db;1 db;802,75;1019;;Rendelés visszaigazolás (Hefler Tamás) (36).eml
02762/26VR8;2026.06.17;visszaigazolas;VRG-0219;WEI1560730000;Fővezeték sorkapocs 2x 25/2x16mm2 szürke WPD101, 1560730000 Weidmüller;3,00 db;1 db;802,75;3058;;Rendelés visszaigazolás (Hefler Tamás) (36).eml
02762/26VR8;2026.06.17;visszaigazolas;VRG-0217;WEI1560650000;Fővezeték sorkapocs 2x 25/2x16mm2 zöld WPD101, 1560650000 Weidmüller;1,00 db;1 db;802,75;1019;;Rendelés visszaigazolás (Hefler Tamás) (36).eml
02744/26VR8;2026.06.16;visszaigazolas;VRG-0066;KOPKPL64503LDNA;Gipszkarton doboz 3-as, 49mm mély, sárga, légtömített KPL 64-50/3LD NA Kopos;1,00 db;1 db;1073,8;1364;;Rendelés visszaigazolás (Hefler Tamás) (37).eml
02744/26VR8;2026.06.16;visszaigazolas;VRG-0059;KAB1800011;H05RR-F 3x1,5 (100) (GT);5,00 fm;100 fm;341,88;2171;;Rendelés visszaigazolás (Hefler Tamás) (37).eml
147898/26VR;2026.06.12;visszaigazolas;VRG-0148;SCHEZ9R49425;FI relé 25/4-0,03 EASY9 PRO, A osztály!!! EZ9R49425 Schneider;1,00 db;3 db;10973,3;13936;;Rendelés visszaigazolás (Hefler Tamás) (38).eml
147898/26VR;2026.06.12;visszaigazolas;VRG-0136;SCHEZ9F57116;1C 16A 6kA Schneider EASY9 PRO EZ9F57116 kismegszakító;2,00 db;12 db;747,5;1899;;Rendelés visszaigazolás (Hefler Tamás) (38).eml
147898/26VR;2026.06.12;visszaigazolas;VRG-0134;SCHEZ9F57110;1C 10A 6kA Schneider EASY9 PRO EZ9F57110 kismegszakító;6,00 db;12 db;863,85;6583;;Rendelés visszaigazolás (Hefler Tamás) (38).eml
147898/26VR;2026.06.12;visszaigazolas;VRG-0135;SCHEZ9F57113;1C 13A 6kA Schneider EASY9 PRO EZ9F57113 kismegszakító;8,00 db;12 db;796,9;8097;;Rendelés visszaigazolás (Hefler Tamás) (38).eml
147898/26VR;2026.06.12;visszaigazolas;VRG-0074;LEG601983;Leg.601983 Plexo3 fk.kiselosztó 3s 36m IP65;1,00 db;1 db;34721,7;44097;;Rendelés visszaigazolás (Hefler Tamás) (38).eml
147898/26VR;2026.06.12;visszaigazolas;VRG-0169;STI284;Fővezeték sorkapocs 2x 25/2x25mm2 szürke HLAK 25-1/2, STI284 Stilo;3,00 db;1 db;674,25;2569;;Rendelés visszaigazolás (Hefler Tamás) (38).eml
147898/26VR;2026.06.12;visszaigazolas;VRG-0170;STI285;Fővezeték sorkapocs 2x 25/2x25mm2 kék HLAK 25-1/2, STI285 Stilo;1,00 db;1 db;696,75;885;;Rendelés visszaigazolás (Hefler Tamás) (38).eml
147898/26VR;2026.06.12;visszaigazolas;VRG-0171;STI286;Fővezeték sorkapocs 2x 25/2x25mm2 z/s HLAK 25-1/2, STI286 Stilo;1,00 db;1 db;696,75;885;;Rendelés visszaigazolás (Hefler Tamás) (38).eml
147898/26VR;2026.06.12;visszaigazolas;VRG-0212;WAGO221415;WAGO 221-415 vez.összekötő sodrott 5-ös, átlátszó;25,00 db;25 db;197,83;6281;;Rendelés visszaigazolás (Hefler Tamás) (38).eml
147898/26VR;2026.06.12;visszaigazolas;VRG-0144;SCHEZ9F57420;4C 20A 6kA Schneider EASY9 PRO EZ9F57420 kismegszakító;1,00 db;3 db;5183,2;6583;;Rendelés visszaigazolás (Hefler Tamás) (38).eml
147898/26VR;2026.06.12;visszaigazolas;VRG-0142;SCHEZ9F57316;3C 16A 6kA Schneider EASY9 PRO EZ9F57316 kismegszakító;1,00 db;4 db;2872,35;3648;;Rendelés visszaigazolás (Hefler Tamás) (38).eml
147898/26VR;2026.06.12;visszaigazolas;VRG-0190;VEZ1500065;H07V-K 1x10 fekete (0);4,00 fm;1 fm;588,28;2988;;Rendelés visszaigazolás (Hefler Tamás) (38).eml
147898/26VR;2026.06.12;visszaigazolas;VRG-0192;VEZ1500067;H07V-K 1x10 kék (0);2,00 fm;1 fm;588,28;1494;;Rendelés visszaigazolás (Hefler Tamás) (38).eml
147898/26VR;2026.06.12;visszaigazolas;VRG-0194;VEZ1500073;H07V-K 1x10 z/s (0);2,00 fm;1 fm;588,28;1494;;Rendelés visszaigazolás (Hefler Tamás) (38).eml
147898/26VR;2026.06.12;visszaigazolas;VRG-0195;VEZ1500087;H07V-K 1x16 z/s (0);6,00 fm;1 fm;885,5;6748;;Rendelés visszaigazolás (Hefler Tamás) (38).eml
147898/26VR;2026.06.12;visszaigazolas;VRG-0211;WAGO2212411;WAGO 221-2411 vez.összekötő sodrott 2-es, 1P átmenő, átlátszó;60,00 db;60 db;124,1;9456;;Rendelés visszaigazolás (Hefler Tamás) (38).eml
147898/26VR;2026.06.12;visszaigazolas;VRG-0089;LEG782373;Forix IP44 fehér 2P+F GYV CSF csatlakozóaljzat csapófedéllel fk. 782373 Legrand;1,00 db;10 db;1526,46;1939;;Rendelés visszaigazolás (Hefler Tamás) (38).eml
147898/26VR;2026.06.12;visszaigazolas;VRG-0058;KAB1400016;NYY-J 3x 4 (0) RE;40,00 fm;1 fm;764,4;38832;;Rendelés visszaigazolás (Hefler Tamás) (38).eml
147898/26VR;2026.06.12;visszaigazolas;VRG-0146;SCHEZ9R49225;FI relé 25/2-0,03 EASY9 PRO, A osztály!!! EZ9R49225 Schneider;1,00 db;6 db;10209,6;12966;;Rendelés visszaigazolás (Hefler Tamás) (38).eml
147898/26VR;2026.06.12;visszaigazolas;VRG-0155;SCHR9XFH312;Fésűs sín 3P villás, 12 modul, 63A RESI9 R9XFH312 Schneider;3,00 db;5 db;3032;11552;;Rendelés visszaigazolás (Hefler Tamás) (38).eml
147898/26VR;2026.06.12;visszaigazolas;VRG-0090;LEG782374;Forix IP44 fehér 2x2P+F GYV CSF csatlakozóaljzat csapófedéllel fk. 782374 Legrand;1,00 db;5 db;2804,88;3562;;Rendelés visszaigazolás (Hefler Tamás) (38).eml
147898/26VR;2026.06.12;visszaigazolas;VRG-0032;GEWDX40125;Könyök Mü II 25 IP40 szürke hal.mentes DX40125 Gewiss;5,00 db;1 db;254,2;1614;;Rendelés visszaigazolás (Hefler Tamás) (38).eml
147898/26VR;2026.06.12;visszaigazolas;VRG-0027;GEWDX24925;Mü.II. cső PEP 25 szürke /3m tokos végű RK9 DX24925 320N (51m/köteg);30,00 fm;3 fm;169,4;6454;;Rendelés visszaigazolás (Hefler Tamás) (38).eml
147898/26VR;2026.06.12;visszaigazolas;VRG-0104;OBO2149016;Csőbilincs D-25 OBO M25 2955 /MÜ.II/ Quick 2149016;100,00 db;100 db;39;4953;;Rendelés visszaigazolás (Hefler Tamás) (38).eml
147898/26VR;2026.06.12;visszaigazolas;VRG-0072;LEG069742L;Plexo 55 falon kívüli 2x2P+F elővez. vízsz. csatl.aljzat csapófedéllel, szürke 069742L;1,00 db;5 db;8221,98;10442;;Rendelés visszaigazolás (Hefler Tamás) (38).eml
147898/26VR;2026.06.12;visszaigazolas;VRG-0154;SCHR9XFH112;Fésűs sín 1P villás, 12 modul, 63A, RESI9 R9XFH112 Schneider;1,00 db;10 db;1272;1615;;Rendelés visszaigazolás (Hefler Tamás) (38).eml
147898/26VR;2026.06.12;visszaigazolas;VRG-0207;VEZ2100006;NYM-J 3x 1,5 (0);25,00 fm;1 fm;277,2;8801;;Rendelés visszaigazolás (Hefler Tamás) (38).eml
147898/26VR;2026.06.12;visszaigazolas;VRG-0209;VEZ2100011;NYM-J 3x 2,5 (0);10,00 fm;1 fm;431,2;5476;;Rendelés visszaigazolás (Hefler Tamás) (38).eml
147898/26VR;2026.06.12;visszaigazolas;VRG-0097;OBO2000342;Kötődoboz 85x85 A11 IP55 OBO 2000342;4,00 db;1 db;268,45;1364;;Rendelés visszaigazolás (Hefler Tamás) (38).eml
147898/26VR;2026.06.12;visszaigazolas;VRG-0106;OBO2250136;OBO bilincs 2037 6-13mm 2250136;25,00 db;1 db;65,57;2082;;Rendelés visszaigazolás (Hefler Tamás) (38).eml
147898/26VR;2026.06.12;visszaigazolas;VRG-0088;LEG764539;Niloé fehér 2P+F csavaros 764539 ÚJ! Legrand;1,00 db;20 db;646,62;821;;Rendelés visszaigazolás (Hefler Tamás) (38).eml
147898/26VR;2026.06.12;visszaigazolas;VRG-0086;LEG764500;Niloé fehér 101 egypólusú kapcsoló 764500 Legrand;2,00 db;20 db;674,7;1714;;Rendelés visszaigazolás (Hefler Tamás) (38).eml
147898/26VR;2026.06.12;visszaigazolas;VRG-0066;KOPKPL64503LDNA;Gipszkarton doboz 3-as, 49mm mély, sárga, légtömített KPL 64-50/3LD NA Kopos;1,00 db;1 db;1073,8;1364;;Rendelés visszaigazolás (Hefler Tamás) (38).eml
147898/26VR;2026.06.12;visszaigazolas;VRG-0011;DEL1714;LED reflektor 20W 4000K mozgásérzékelős 1600lm IP65 120 fok SMD lapos fek DEL1714 deLux;1,00 db;1 db;5581,4;7088;;Rendelés visszaigazolás (Hefler Tamás) (38).eml
147898/26VR;2026.06.12;visszaigazolas;VRG-0064;KIWA81027;PO I 3+1 m 280V túlfeszültség levezető 12,5kA T1+T2+T3 (B+C+D) 81.027 KIWA;1,00 db;1 db;34845,3;44254;;Rendelés visszaigazolás (Hefler Tamás) (38).eml
147898/26VR;2026.06.12;visszaigazolas;VRG-0060;KAB1800012;H05RR-F 3x1,5 (0) (GT);5,00 fm;1 fm;351,12;2230;;Rendelés visszaigazolás (Hefler Tamás) (38).eml
147898/26VR;2026.06.12;visszaigazolas;VRG-0076;LEG665003;Niloé fehér keret 3-as 665003 Legrand;1,00 db;5 db;748,02;950;;Rendelés visszaigazolás (Hefler Tamás) (38).eml
147898/26VR;2026.06.12;visszaigazolas;VRG-0075;LEG665001;Niloé fehér keret 1-es 665001 Legrand;2,00 db;20 db;223,86;569;;Rendelés visszaigazolás (Hefler Tamás) (38).eml
14406/26VRD1;2026.09.07;visszaigazolas;VRG-0108;OBO5000750XXX1;OBO 219 20 ST FT rúdföldelő standard 1,5m 5000750 helyette ideiglenesen: OBO5000947;3,00 db;1 db;8080,91;30788;;Rendelés visszaigazolás (Hefler Tamás) (4).eml
14406/26VRD1;2026.09.07;visszaigazolas;VRG-0055;JPR2058;J.P.2058 ütőcsúcs 20;1,00 db;1 db;1047,14;1330;;Rendelés visszaigazolás (Hefler Tamás) (4).eml
14406/26VRD1;2026.09.07;visszaigazolas;VRG-0109;OBO5001641;OBO 2760 20 FT csatlakozóbilincs kör- és laposvezetőhöz 20mm 5001641;1,00 db;1 db;2813,19;3573;;Rendelés visszaigazolás (Hefler Tamás) (4).eml
14406/26VRD1;2026.09.07;visszaigazolas;VRG-0009;DEHN556125;DEHN KSB 50 L10M Korrózióvédő szalag szélesség 50 mm L 10m 556125;1,00 db;24 db;4731,72;6009;;Rendelés visszaigazolás (Hefler Tamás) (4).eml
14406/26VRD1;2026.09.07;visszaigazolas;VRG-0168;STI1784;Multikapocs, Vario összekötő horganyzott M10 Rd8-10 BLKLEUNIVZ2-10VK-40 STI1784;1,00 db;1 db;435,16;553;;Rendelés visszaigazolás (Hefler Tamás) (4).eml
14406/26VRD1;2026.09.07;visszaigazolas;VRG-0172;STI671;Szemes csősaru ST- 50-10 Stilo (STI671);1,00 db;50 db;481,6;612;;Rendelés visszaigazolás (Hefler Tamás) (4).eml
14406/26VRD1;2026.09.07;visszaigazolas;VRG-0045;HAU290662;Ónozott saru (SZ 10-10) 290662 Haupa;1,00 db;100 db;85,6;109;;Rendelés visszaigazolás (Hefler Tamás) (4).eml
14406/26VRD1;2026.09.07;visszaigazolas;VRG-0165;STI1501;Kötődoboz 100x100x70 sima falú IP65 Stilo (STI1501) /S-BOX helyett/;1,00 db;1 db;575,34;731;;Rendelés visszaigazolás (Hefler Tamás) (4).eml
09293/26VRB;2026.09.10;visszaigazolas;VRG-0197;VEZ1600012;H07V-U 1x 1,5 fekete (100);100,00 fm;100 fm;79,31;10072;;Rendelés visszaigazolás (Hefler Tamás) (5).eml
09293/26VRB;2026.09.10;visszaigazolas;VRG-0103;OBO2149010;Csőbilincs D-20 OBO M20 2955 /Mü.II/ Quick 2149010;20,00 db;100 db;31,6;803;;Rendelés visszaigazolás (Hefler Tamás) (5).eml
09293/26VRB;2026.09.10;visszaigazolas;VRG-0029;GEWDX40020;Karmantyú Mü.II. 20 IP40 szürke hal.mentes DX40020 Gewiss;10,00 db;1 db;90,2;1146;;Rendelés visszaigazolás (Hefler Tamás) (5).eml
09293/26VRB;2026.09.10;visszaigazolas;VRG-0197;VEZ1600012;H07V-U 1x 1,5 fekete (100);100,00 fm;100 fm;79,31;10072;;Rendelés visszaigazolás (Hefler Tamás) (6).eml
09293/26VRB;2026.09.10;visszaigazolas;VRG-0103;OBO2149010;Csőbilincs D-20 OBO M20 2955 /Mü.II/ Quick 2149010;20,00 db;100 db;31,6;803;;Rendelés visszaigazolás (Hefler Tamás) (6).eml
09293/26VRB;2026.09.10;visszaigazolas;VRG-0029;GEWDX40020;Karmantyú Mü.II. 20 IP40 szürke hal.mentes DX40020 Gewiss;10,00 db;1 db;90,2;1146;;Rendelés visszaigazolás (Hefler Tamás) (6).eml
14129/26VRD1;2026.09.01;visszaigazolas;VRG-0065;KOPKPL64502LDNA;Gipszkarton doboz 2-es, 49mm mély, sárga , légtömített KPL 64-50/2LD NA Kopos;2,00 db;1 db;876;2225;;Rendelés visszaigazolás (Hefler Tamás) (7).eml
14129/26VRD1;2026.09.01;visszaigazolas;VRG-0066;KOPKPL64503LDNA;Gipszkarton doboz 3-as, 49mm mély, sárga, légtömített KPL 64-50/3LD NA Kopos;4,00 db;1 db;1239;6294;;Rendelés visszaigazolás (Hefler Tamás) (7).eml
14129/26VRD1;2026.09.01;visszaigazolas;VRG-0067;KOPKPL64505LDNA;Gipszkarton doboz 5-ös, 50mm mély, sárga, légtömített KPL 64-50/5LD NA Kopos;2,00 db;1 db;1857,75;4719;;Rendelés visszaigazolás (Hefler Tamás) (7).eml
14129/26VRD1;2026.09.01;visszaigazolas;VRG-0120;SCHEPH3100121;ASFORA fehér 2P+F CSF csapfedeles kerettel EPH3100121;2,00 db;10 db;1996,8;5072;;Rendelés visszaigazolás (Hefler Tamás) (7).eml
14129/26VRD1;2026.09.01;visszaigazolas;VRG-0123;SCHEPH4700121;ASFORA fehér 1xRJ45 Cat6 UTP aljzat, kerettel EPH4700121;2,00 db;10 db;4011,2;10188;;Rendelés visszaigazolás (Hefler Tamás) (7).eml
14129/26VRD1;2026.09.01;visszaigazolas;VRG-0162;STI1012;Gipszkarton doboz 1-es, d68mm, 47mm mély, narancssárga (E-115 18345 helyett) STI1012 Stilo;13,00 db;10 db;162,54;2684;;Rendelés visszaigazolás (Hefler Tamás) (7).eml
13971/26VRD1;2026.08.31;visszaigazolas;VRG-0124;SCHEPH5800221;ASFORA fehér keret 2-es, vízszintes EPH5800221;1,00 db;25 db;485,6;617;;Rendelés visszaigazolás (Hefler Tamás) (8).eml
13635/26VRD1;2026.08.25;visszaigazolas;VRG-0110;POL2080136;Fővezeték sorkapocs 2x 25/2x16mm2 szürke HLAK 25-1/2 M2, 2080136 Pollmann;1,00 db;1 db;927,11;1177;;Rendelés visszaigazolás (Hefler Tamás) (9).eml
13635/26VRD1;2026.08.25;visszaigazolas;VRG-0111;POL2080137;Fővezeték sorkapocs 2x 25/2x16mm2 kék HLAK 25-1/2 M2, 2080137 Pollmann;1,00 db;1 db;927,11;1177;;Rendelés visszaigazolás (Hefler Tamás) (9).eml
13635/26VRD1;2026.08.25;visszaigazolas;VRG-0112;POL2080138;Fővezeték sorkapocs 2x 25/2x16mm2 z/s HLAK 25-1/2 M2, 2080138 Pollmann;1,00 db;1 db;927,11;1177;;Rendelés visszaigazolás (Hefler Tamás) (9).eml
13635/26VRD1;2026.08.25;visszaigazolas;VRG-0128;SCHEZ9EUC112;Kiselosztó falonkívüli 1/12 átlátszó ajtóval IP40 PE/N sínnel Easy9 EU EZ9EUC112;1,00 db;1 db;4456;5659;;Rendelés visszaigazolás (Hefler Tamás) (9).eml
13635/26VRD1;2026.08.25;visszaigazolas;VRG-0130;SCHEZ9EUC312;Kiselosztó falonkívüli 3/36 átlátszó ajtóval IP40 PE/N sínnel Easy9 EU EZ9EUC312;1,00 db;1 db;10997,6;13967;;Rendelés visszaigazolás (Hefler Tamás) (9).eml
13635/26VRD1;2026.08.25;visszaigazolas;VRG-0134;SCHEZ9F57110;1C 10A 6kA Schneider EASY9 PRO EZ9F57110 kismegszakító;2,00 db;12 db;1063,2;2701;;Rendelés visszaigazolás (Hefler Tamás) (9).eml
13635/26VRD1;2026.08.25;visszaigazolas;VRG-0135;SCHEZ9F57113;1C 13A 6kA Schneider EASY9 PRO EZ9F57113 kismegszakító;3,00 db;12 db;980,8;3737;;Rendelés visszaigazolás (Hefler Tamás) (9).eml
13635/26VRD1;2026.08.25;visszaigazolas;VRG-0136;SCHEZ9F57116;1C 16A 6kA Schneider EASY9 PRO EZ9F57116 kismegszakító;3,00 db;12 db;920;3505;;Rendelés visszaigazolás (Hefler Tamás) (9).eml
13635/26VRD1;2026.08.25;visszaigazolas;VRG-0143;SCHEZ9F57320;3C 20A 6kA Schneider EASY9 PRO EZ9F57320 kismegszakító;1,00 db;4 db;3617,6;4594;;Rendelés visszaigazolás (Hefler Tamás) (9).eml
13635/26VRD1;2026.08.25;visszaigazolas;VRG-0147;SCHEZ9R49240;FI relé 40/2-0,03 EASY9 PRO, A osztály!!! EZ9R49240 Schneider;1,00 db;6 db;10704;13594;;Rendelés visszaigazolás (Hefler Tamás) (9).eml
13635/26VRD1;2026.08.25;visszaigazolas;VRG-0154;SCHR9XFH112;Fésűs sín 1P villás, 12 modul, 63A, RESI9 R9XFH112 Schneider;2,00 db;10 db;1272;3231;;Rendelés visszaigazolás (Hefler Tamás) (9).eml
15229/26VRD1;2026.09.17;visszaigazolas;VRG-0095;NYUGMFL20;Gégecső toldó 20 MFL20 Inset;10,00 db;50 db;85,12;1081;;Rendelés visszaigazolás (Hefler Tamás).eml
15229/26VRD1;2026.09.17;visszaigazolas;VRG-0055;JPR2058;J.P.2058 ütőcsúcs 20;1,00 db;1 db;1047,14;1330;;Rendelés visszaigazolás (Hefler Tamás).eml
13751/26VRD1;2026.08.27;beerkezes;VRG-0056;KAB1100065;EAYY-J 5x 16 /NAYY-J/ RE (0);30.00;fm;;;Hetényi;Rendelése megérkezett.eml
13751/26VRD1;2026.08.27;beerkezes;VRG-0021;ELTELSM32;Műa.cső ELS M32 Symalen 32 50fm/tek;100.00;fm;;;Hetényi;Rendelése megérkezett.eml
13751/26VRD1;2026.08.27;beerkezes;VRG-0192;VEZ1500067;H07V-K 1x10 kék (0);20.00;fm;;;Hetényi;Rendelése megérkezett.eml
13751/26VRD1;2026.08.27;beerkezes;VRG-0190;VEZ1500065;H07V-K 1x10 fekete (0);40.00;fm;;;Hetényi;Rendelése megérkezett.eml
13751/26VRD1;2026.08.27;beerkezes;VRG-0194;VEZ1500073;H07V-K 1x10 z/s (0);20.00;fm;;;Hetényi;Rendelése megérkezett.eml
13751/26VRD1;2026.08.27;beerkezes;VRG-0174;STI747;Érv.h. szig. 10/18 elefántcsont E10-18 STI747 Stilo;100.00;db;;;Hetényi;Rendelése megérkezett.eml
13751/26VRD1;2026.08.27;beerkezes;VRG-0101;OBO2005312;OBO X16 H25 GNP5 LGR Leágazódoboz f vezetéki sorkapoccsal 240x191x125 világosszürke 2005312;2.00;db;;;Hetényi;Rendelése megérkezett.eml
13751/26VRD1;2026.08.27;beerkezes;VRG-0102;OBO2022770;Tömszelence M32 +anya 15-21mm IP68 V-TEC VM32+ LGR szürke 2022770 OBO;8.00;db;;;Hetényi;Rendelése megérkezett.eml
13751/26VRD1;2026.08.27;beerkezes;VRG-0026;GEWDX15032R;Gégecső lépésálló 32/50 fekete (SGN) 750N FK15 DX15032R Gewiss;50.00;fm;;;Hetényi;Rendelése megérkezett.eml
13751/26VRD1;2026.08.27;beerkezes;VRG-0004;BELDE1583EVAGOS;Számítógép vezeték CAT5 E - UTP fali réz PVC (0) BELDEN 1583e;50.00;fm;;;Hetényi;Rendelése megérkezett.eml
13751/26VRD1;2026.08.27;beerkezes;VRG-0105;OBO2149022;Csőbilincs D-32 OBO M32 2955 /Mü.II/ Quick 2149022;20.00;db;;;Hetényi;Rendelése megérkezett.eml
13751/26VRD1;2026.08.27;beerkezes;VRG-0184;VEZ1000133;Számítógép vezeték CAT6 - UTP fali réz PVC (0) BITNER;50.00;fm;;;Hetényi;Rendelése megérkezett.eml
14408/26VRD1;2026.09.07;pdf:Megrendelés visszaigazolás;VRG-0002;BEG92565;Jelenlét érzékelő süllyeszthető 360 PD2- M-1C-DE IP20 92565;1,00;db;25 399,66;;;14408_26VRD1_Hefler_Tamás (1).pdf
14408/26VRD1;2026.09.07;pdf:Megrendelés visszaigazolás;VRG-0004;BELDE1583EVAGOS;Számítógép vezeték CAT5 E -  UTP fali réz PVC  BELDEN 1583e  (0);40,00;fm;161,46;;;14408_26VRD1_Hefler_Tamás (1).pdf
14408/26VRD1;2026.09.07;pdf:Megrendelés visszaigazolás;VRG-0012;DEL1745;LED reflektor 30W mozgásérzékelős, sorkapoccsal, tömszelencével 4000K 2400lm IP65 120 fok  SMD, lapos, fekete delux DEL1745;1,00;db;7 559,40;;;14408_26VRD1_Hefler_Tamás (1).pdf
14408/26VRD1;2026.09.07;pdf:Megrendelés visszaigazolás;VRG-0020;EKP4377STANDARD;"SMR-M 230V kapcsoló alá szerelhető, Elko Ep, 4377 ; LED izzók és energiatakarékos fénycsövek fényerőszabályzására!";1,00;db;21 395,74;;;14408_26VRD1_Hefler_Tamás (1).pdf
14408/26VRD1;2026.09.07;pdf:Megrendelés visszaigazolás;VRG-0024;GEWDX15020R;Gégecső lépésálló 20/100 fekete 750N FK15 DX15020R Gewiss;200,00;fm;109,06;;;14408_26VRD1_Hefler_Tamás (1).pdf
14408/26VRD1;2026.09.07;pdf:Megrendelés visszaigazolás;VRG-0035;GEWGW40053BD;Kiselosztó falonkívüli 4soros, 72 modulos átlátszó ajtóval IP40 PE/N dupla sínnel GW40053BD;1,00;db;48 288,16;;;14408_26VRD1_Hefler_Tamás (1).pdf
14408/26VRD1;2026.09.07;pdf:Megrendelés visszaigazolás;VRG-0046;HENKKL54;Fővezeték sorkapocs 5P 4x1,5-25mm2 szürke-kék-z/s KKL 54 Hensel;1,00;db;9 618,96;;;14408_26VRD1_Hefler_Tamás (1).pdf
14408/26VRD1;2026.09.07;pdf:Megrendelés visszaigazolás;VRG-0057;KAB1400014;NYY-J  3x  1,5 (0) RE-TÖMÖR [ 0,6/1kV ] fekete erőátviteli kábel;30,00;fm;339,30;;;14408_26VRD1_Hefler_Tamás (1).pdf
14408/26VRD1;2026.09.07;pdf:Megrendelés visszaigazolás;VRG-0063;KIWA81004;Villámáram-levezető és túlfeszültség- védelmi készülék PO I 4 280V 12,5kA T1+T2+T3 (B+C+D) KIWA 81.004;1,00;db;32 929,40;;;14408_26VRD1_Hefler_Tamás (1).pdf
14408/26VRD1;2026.09.07;pdf:Megrendelés visszaigazolás;VRG-0073;LEG413102;LEGRAND 413102 OH kalapsínre szerelhető RJ45 port Cat6 árnyékolt (FTP) 250MHz - 1 Gigabit/s;2,00;db;2 226,12;;;14408_26VRD1_Hefler_Tamás (1).pdf
14408/26VRD1;2026.09.07;pdf:Megrendelés visszaigazolás;VRG-0077;LEG752101;Legrand 752101 Valena Life egypólusú kapcsoló 10 AX, fehér;3,00;db;1 790,10;;;14408_26VRD1_Hefler_Tamás (1).pdf
14408/26VRD1;2026.09.07;pdf:Megrendelés visszaigazolás;VRG-0078;LEG752106;Legrand 752106 Valena Life váltókapcsoló 10 AX, fehér;4,00;db;2 329,08;;;14408_26VRD1_Hefler_Tamás (1).pdf
14408/26VRD1;2026.09.07;pdf:Megrendelés visszaigazolás;VRG-0079;LEG752107;Legrand 752107 Valena Life keresztkapcsoló 10 AX, fehér;1,00;db;3 582,54;;;14408_26VRD1_Hefler_Tamás (1).pdf
14408/26VRD1;2026.09.07;pdf:Megrendelés visszaigazolás;VRG-0080;LEG753121;Legrand 753121 Valena Life 2P+F csatlakozóaljzat gyermekvédelem nélkül, rugós, fehér;25,00;db;1 790,10;;;14408_26VRD1_Hefler_Tamás (1).pdf
14408/26VRD1;2026.09.07;pdf:Megrendelés visszaigazolás;VRG-0081;LEG753142;Legrand 753142 Valena Life 1xRJ45 UTP Cat6 aljzat, fehér;1,00;db;4 891,38;;;14408_26VRD1_Hefler_Tamás (1).pdf
14408/26VRD1;2026.09.07;pdf:Megrendelés visszaigazolás;VRG-0082;LEG754001;Legrand 754001 Valena Life 1-es keret, fehér;20,00;db;484,38;;;14408_26VRD1_Hefler_Tamás (1).pdf
14408/26VRD1;2026.09.07;pdf:Megrendelés visszaigazolás;VRG-0083;LEG754002;Legrand 754002 Valena Life 2-es keret, tetszőleges, fehér;6,00;db;872,82;;;14408_26VRD1_Hefler_Tamás (1).pdf
14408/26VRD1;2026.09.07;pdf:Megrendelés visszaigazolás;VRG-0084;LEG754005;Legrand 754005 Valena Life 5-ös keret, tetszőleges, fehér;1,00;db;2 911,74;;;14408_26VRD1_Hefler_Tamás (1).pdf
14408/26VRD1;2026.09.07;pdf:Megrendelés visszaigazolás;VRG-0089;LEG782373;Legrand 782373 Forix 2P+F CSF csatlakozóaljzat csapfedéllel IP44, falon kívüli, biztonsági zsalus (GYV), csavaros, fehér;2,00;db;1 526,46;;;14408_26VRD1_Hefler_Tamás (1).pdf
14408/26VRD1;2026.09.07;pdf:Megrendelés visszaigazolás;VRG-0094;NVT10009;Sittes zsák vastag 90x55cm;5,00;db;131,14;;;14408_26VRD1_Hefler_Tamás (1).pdf
14408/26VRD1;2026.09.07;pdf:Megrendelés visszaigazolás;VRG-0098;OBO2000378;Kötődoboz 100x100x38 A14 OBO 2000378  sorkapocs nélkül PE IP55 világosszürke;4,00;db;496,91;;;14408_26VRD1_Hefler_Tamás (1).pdf
14408/26VRD1;2026.09.07;pdf:Megrendelés visszaigazolás;VRG-0099;OBO2003700;Műanyag doboz  65mm, perforált, sorolható, 46mm mély, UG 46 2003700 OBO;15,00;db;53,72;;;14408_26VRD1_Hefler_Tamás (1).pdf
14408/26VRD1;2026.09.07;pdf:Megrendelés visszaigazolás;VRG-0100;OBO2003702;Műanyag doboz  65mm, perforált, sorolható, 66mm mély, UG 66 2003702 OBO;10,00;db;83,74;;;14408_26VRD1_Hefler_Tamás (1).pdf
14408/26VRD1;2026.09.07;pdf:Megrendelés visszaigazolás;VRG-0103;OBO2149010;OBO Quick Csőbilincs  M20 2955 /Mü.II/ 2149010;100,00;db;31,60;;;14408_26VRD1_Hefler_Tamás (1).pdf
14408/26VRD1;2026.09.07;pdf:Megrendelés visszaigazolás;VRG-0116;PORA374K8RXL;Védőkesztyű, precíziós nitril, fekete, XL- es GP Grip 18 A374K8RXL Portwest;2,00;pár;1 127,70;;;14408_26VRD1_Hefler_Tamás (1).pdf
14408/26VRD1;2026.09.07;pdf:Megrendelés visszaigazolás;VRG-0133;SCHEZ9F57106;Kismegszakító 1C 6A 6kA EASY9 PRO EZ9F57106 Schneider;6,00;db;1 145,60;;;14408_26VRD1_Hefler_Tamás (1).pdf
14408/26VRD1;2026.09.07;pdf:Megrendelés visszaigazolás;VRG-0134;SCHEZ9F57110;Kismegszakító 1C 10A 6kA EASY9 PRO EZ9F57110 Schneider;7,00;db;1 063,20;;;14408_26VRD1_Hefler_Tamás (1).pdf
14408/26VRD1;2026.09.07;pdf:Megrendelés visszaigazolás;VRG-0136;SCHEZ9F57116;Kismegszakító 1C 16A 6kA EASY9 PRO EZ9F57116 Schneider;6,00;db;920,00;;;14408_26VRD1_Hefler_Tamás (1).pdf
14408/26VRD1;2026.09.07;pdf:Megrendelés visszaigazolás;VRG-0138;SCHEZ9F57206;Kismegszakító 2C 6A 6kA EASY9 PRO EZ9F57206 Schneider;1,00;db;2 628,80;;;14408_26VRD1_Hefler_Tamás (1).pdf
14408/26VRD1;2026.09.07;pdf:Megrendelés visszaigazolás;VRG-0145;SCHEZ9F57432;Kismegszakító 4C 32A 6kA EASY9 PRO EZ9F57432 Schneider;1,00;db;5 595,20;;;14408_26VRD1_Hefler_Tamás (1).pdf
14408/26VRD1;2026.09.07;pdf:Megrendelés visszaigazolás;VRG-0149;SCHEZ9R49440;EASY9 PRO áram-védőkapcsoló, A osztály, 4P, 40A, 30 mA EZ9R49440 Schneider;1,00;db;14 000,00;;;14408_26VRD1_Hefler_Tamás (1).pdf
14408/26VRD1;2026.09.07;pdf:Megrendelés visszaigazolás;VRG-0154;SCHR9XFH112;Fésűs sín villás,1P, 12 osztás  RESI9 R9XFH112 Schneider;5,00;db;1 272,00;;;14408_26VRD1_Hefler_Tamás (1).pdf
14408/26VRD1;2026.09.07;pdf:Megrendelés visszaigazolás;VRG-0158;SEZ1001081400;Kötődoboz sima falú 190x140x70 S- BOX 416  (400363) SEZ;4,00;db;1 975,63;;;14408_26VRD1_Hefler_Tamás (1).pdf
14408/26VRD1;2026.09.07;pdf:Megrendelés visszaigazolás;VRG-0159;SOM0889;Telefon Moduláris dugó 8P8C  Cat 5- hoz  CSAT-T004-FTP;5,00;db;102,92;;;14408_26VRD1_Hefler_Tamás (1).pdf
14408/26VRD1;2026.09.07;pdf:Megrendelés visszaigazolás;VRG-0161;SOMTS52WH;Telefon Moduláris dugó 8P8C-hez törésgátló  TS 52/WH fehér;5,00;db;48,14;;;14408_26VRD1_Hefler_Tamás (1).pdf
14408/26VRD1;2026.09.07;pdf:Megrendelés visszaigazolás;VRG-0164;STI1497;Kötődoboz 150x110x70 membrános, halogénmentes IP65 Stilo STI1497;4,00;db;963,20;;;14408_26VRD1_Hefler_Tamás (1).pdf
14408/26VRD1;2026.09.07;pdf:Megrendelés visszaigazolás;VRG-0173;STI746;Érvéghüvely szigetelt  10/12 elefántcsont E10-12 Stilo STI746;100,00;db;13,76;;;14408_26VRD1_Hefler_Tamás (1).pdf
14408/26VRD1;2026.09.07;pdf:Megrendelés visszaigazolás;VRG-0184;VEZ1000133;Számítógép vezeték CAT6 -  UTP fali réz PVC BITNER  (0);50,00;fm;170,17;;;14408_26VRD1_Hefler_Tamás (1).pdf
14408/26VRD1;2026.09.07;pdf:Megrendelés visszaigazolás;VRG-0205;VEZ2100001;NYM-J 3x 1,5  (50) 300/500V tömör installációs vezeték (MB-Cu, MBCu);50,00;fm;260,26;;;14408_26VRD1_Hefler_Tamás (1).pdf
14408/26VRD1;2026.09.07;pdf:Megrendelés visszaigazolás;VRG-0206;VEZ2100002;NYM-J 3x 1,5 szürke (100) 300/500V tömör installációs vezeték (MB-Cu, MBCu);100,00;fm;260,26;;;14408_26VRD1_Hefler_Tamás (1).pdf
14408/26VRD1;2026.09.07;pdf:Megrendelés visszaigazolás;VRG-0208;VEZ2100007;NYM-J 3x 2,5 szürke (100) 300/500V tömör installációs vezeték (MB-Cu, MBCu);100,00;fm;396,55;;;14408_26VRD1_Hefler_Tamás (1).pdf
14408/26VRD1;2026.09.07;pdf:Megrendelés visszaigazolás;VRG-0210;VEZ2100030;NYM-J 5x 1,5 szürke (0) 300/500V tömör installációs vezeték (MB-Cu, MBCu);50,00;fm;438,90;;;14408_26VRD1_Hefler_Tamás (1).pdf
14408/26VRD1;2026.09.07;pdf:Megrendelés visszaigazolás;VRG-0215;WAGO2273203;WAGO  COMPACT vezeték összekötő 3x0,5-2,5 mm2 tömör vezetékhez, átlátszó házban, narancssárga fedéllel 2273-203;100,00;db;47,45;;;14408_26VRD1_Hefler_Tamás (1).pdf
58530/26VA;2026.06.12;pdf:Ajánlat;VRG-0148;SCHEZ9R49425;EASY9 PRO áram-védőkapcsoló, A osztály, 4P, 25A, 30 mA EZ9R49425 Schneider;1,00;db;10 973,30;;;58530_26VA_Hefler_Tamás.pdf
58530/26VA;2026.06.12;pdf:Ajánlat;VRG-0136;SCHEZ9F57116;Kismegszakító 1C 16A 6kA EASY9 PRO EZ9F57116 Schneider;2,00;db;747,50;;;58530_26VA_Hefler_Tamás.pdf
58530/26VA;2026.06.12;pdf:Ajánlat;VRG-0134;SCHEZ9F57110;Kismegszakító 1C 10A 6kA EASY9 PRO EZ9F57110 Schneider;6,00;db;863,85;;;58530_26VA_Hefler_Tamás.pdf
58530/26VA;2026.06.12;pdf:Ajánlat;VRG-0135;SCHEZ9F57113;Kismegszakító 1C 13A 6kA EASY9 PRO EZ9F57113 Schneider;8,00;db;796,90;;;58530_26VA_Hefler_Tamás.pdf
58530/26VA;2026.06.12;pdf:Ajánlat;VRG-0074;LEG601983;Legrand 601983 Plexo3 falon kívüli kiselosztó 3sor 36modul IP65;1,00;db;34 721,70;;;58530_26VA_Hefler_Tamás.pdf
58530/26VA;2026.06.12;pdf:Ajánlat;VRG-0169;STI284;Fővezeték sorkapocs 2x 25/2x25mm2 szürke HLAK 25-1/2, STI284 Stilo;3,00;db;674,25;;;58530_26VA_Hefler_Tamás.pdf
58530/26VA;2026.06.12;pdf:Ajánlat;VRG-0170;STI285;Fővezeték sorkapocs 2x 25/2x25mm2 kék HLAK 25-1/2, STI285 Stilo;1,00;db;696,75;;;58530_26VA_Hefler_Tamás.pdf
58530/26VA;2026.06.12;pdf:Ajánlat;VRG-0171;STI286;Fővezeték sorkapocs 2x 25/2x25mm2 z/s HLAK 25-1/2, STI286 Stilo;1,00;db;696,75;;;58530_26VA_Hefler_Tamás.pdf
58530/26VA;2026.06.12;pdf:Ajánlat;VRG-0212;WAGO221415;WAGO 221-415 vezeték összekötő sodrott 5-ös, átlátszó 0,2- 4mm2, 32A;25,00;db;197,83;;;58530_26VA_Hefler_Tamás.pdf
58530/26VA;2026.06.12;pdf:Ajánlat;VRG-0144;SCHEZ9F57420;Kismegszakító 4C 20A 6kA EASY9 PRO EZ9F57420 Schneider;1,00;db;5 183,20;;;58530_26VA_Hefler_Tamás.pdf
58530/26VA;2026.06.12;pdf:Ajánlat;VRG-0142;SCHEZ9F57316;Kismegszakító 3C 16A 6kA EASY9 PRO EZ9F57316 Schneider;1,00;db;2 872,35;;;58530_26VA_Hefler_Tamás.pdf
58530/26VA;2026.06.12;pdf:Ajánlat;VRG-0190;VEZ1500065;H07V-K 1x 10 fekete (0) 450/750V hajlékony egyerű sodrott vezeték (M-kh, Mkh);4,00;fm;588,28;;;58530_26VA_Hefler_Tamás.pdf
58530/26VA;2026.06.12;pdf:Ajánlat;VRG-0192;VEZ1500067;H07V-K 1x 10 kék (0) 450/750V hajlékony egyerű sodrott vezeték (M-kh, Mkh);2,00;fm;588,28;;;58530_26VA_Hefler_Tamás.pdf
58530/26VA;2026.06.12;pdf:Ajánlat;VRG-0194;VEZ1500073;H07V-K 1x 10 zöld/sárga (0) 450/750V hajlékony egyerű sodrott vezeték (M-kh, Mkh);2,00;fm;588,28;;;58530_26VA_Hefler_Tamás.pdf
58530/26VA;2026.06.12;pdf:Ajánlat;VRG-0195;VEZ1500087;H07V-K 1x 16 zöld/sárga (0) 450/750V hajlékony egyerű sodrott vezeték (M-kh, Mkh);6,00;fm;885,50;;;58530_26VA_Hefler_Tamás.pdf
58530/26VA;2026.06.12;pdf:Ajánlat;VRG-0211;WAGO2212411;WAGO 221-2411 vezeték összekötő sodrott 2-es, 1P átmenő, átlátszó, max. 4 mm2, 32A;60,00;db;124,10;;;58530_26VA_Hefler_Tamás.pdf
58530/26VA;2026.06.12;pdf:Ajánlat;VRG-0089;LEG782373;Legrand 782373 Forix 2P+F CSF csatlakozóaljzat csapfedéllel IP44, falon kívüli, biztonsági zsalus (GYV), csavaros, fehér;1,00;db;1 526,46;;;58530_26VA_Hefler_Tamás.pdf
58530/26VA;2026.06.12;pdf:Ajánlat;VRG-0058;KAB1400016;NYY-J  3x  4 (0) RE-TÖMÖR [ 0,6/1kV ] fekete erőátviteli kábel;40,00;fm;764,40;;;58530_26VA_Hefler_Tamás.pdf
58530/26VA;2026.06.12;pdf:Ajánlat;VRG-0146;SCHEZ9R49225;EASY9 PRO áram-védőkapcsoló, A osztály, 2P, 25A, 30 mA EZ9R49225 Schneider;1,00;db;10 209,60;;;58530_26VA_Hefler_Tamás.pdf
58530/26VA;2026.06.12;pdf:Ajánlat;VRG-0155;SCHR9XFH312;Fésűs sín villás,3P, 12 osztás  RESI9  R9XFH312 Schneider;3,00;db;3 032,00;;;58530_26VA_Hefler_Tamás.pdf
58530/26VA;2026.06.12;pdf:Ajánlat;VRG-0070;KOPPK90X55DHD;Parapet csatorna  90x55 fehér, PK 90X55 D HD Kopos (12 fm/köteg);4,00;fm;3 186,75;;;58530_26VA_Hefler_Tamás.pdf
58530/26VA;2026.06.12;pdf:Ajánlat;VRG-0090;LEG782374;Legrand 782374 Forix 2x2P+F csatlakozóaljzat csapfedéllel IP44, biztonsági zsalus (GYV), falon kívüli, csavaros, fehér;1,00;db;2 804,88;;;58530_26VA_Hefler_Tamás.pdf
58530/26VA;2026.06.12;pdf:Ajánlat;VRG-0032;GEWDX40125;Könyök  Mü.II. 25 IP40  szürke halogénmentes DX40125 Gewiss;5,00;db;254,20;;;58530_26VA_Hefler_Tamás.pdf
58530/26VA;2026.06.12;pdf:Ajánlat;VRG-0033;GEWDX40325;Könyök Mü.II. 25 szürke vizsgálható, szétszedhető, halogénmentes IP40 DX40325 Gewiss;3,00;db;288,64;;;58530_26VA_Hefler_Tamás.pdf
58530/26VA;2026.06.12;pdf:Ajánlat;VRG-0027;GEWDX24925;Mü.II.  cső PEP 25  szürke /3m   tokos végű RK9 DX24925 320N (51m/köteg);30,00;fm;169,40;;;58530_26VA_Hefler_Tamás.pdf
58530/26VA;2026.06.12;pdf:Ajánlat;VRG-0104;OBO2149016;OBO Quick Csőbilincs  M25 2955 /MÜ.II/    2149016;100,00;db;39,00;;;58530_26VA_Hefler_Tamás.pdf
58530/26VA;2026.06.12;pdf:Ajánlat;VRG-0072;LEG069742L;Plexo 55 falon kívüli 2x2P+F elővezetékezett vízszintes csatlakozóaljzat csapófedéllel, összeszerelt, szürke 069742L Legrand;1,00;db;8 221,98;;;58530_26VA_Hefler_Tamás.pdf
58530/26VA;2026.06.12;pdf:Ajánlat;VRG-0154;SCHR9XFH112;Fésűs sín villás,1P, 12 osztás  RESI9  R9XFH112 Schneider;1,00;db;1 272,00;;;58530_26VA_Hefler_Tamás.pdf
58530/26VA;2026.06.12;pdf:Ajánlat;VRG-0207;VEZ2100006;NYM-J 3x 1,5 szürke (0) 300/500V tömör installációs vezeték (MB-Cu, MBCu);25,00;fm;277,20;;;58530_26VA_Hefler_Tamás.pdf
58530/26VA;2026.06.12;pdf:Ajánlat;VRG-0209;VEZ2100011;NYM-J 3x 2,5 szürke (0) 300/500V tömör installációs vezeték (MB-Cu, MBCu);10,00;fm;431,20;;;58530_26VA_Hefler_Tamás.pdf
58530/26VA;2026.06.12;pdf:Ajánlat;VRG-0097;OBO2000342;OBO Kötődoboz  85* 85  A11 IP55 2000342;4,00;db;268,45;;;58530_26VA_Hefler_Tamás.pdf
58530/26VA;2026.06.12;pdf:Ajánlat;VRG-0106;OBO2250136;OBO bilincs  2037  6-13mm   2250136;25,00;db;65,57;;;58530_26VA_Hefler_Tamás.pdf
58530/26VA;2026.06.12;pdf:Ajánlat;VRG-0088;LEG764539;Legrand 764539 Niloé 2P+F csatlakozóaljzat gyermekvédelem nélkül, csavaros, fehér;1,00;db;646,62;;;58530_26VA_Hefler_Tamás.pdf
58530/26VA;2026.06.12;pdf:Ajánlat;VRG-0075;LEG665001;Legrand 665001 Niloé 1-es keret, fehér;1,00;db;223,86;;;58530_26VA_Hefler_Tamás.pdf
58530/26VA;2026.06.12;pdf:Ajánlat;VRG-0086;LEG764500;Legrand 764500 Niloé egypólusú kapcsoló, fehér;2,00;db;674,70;;;58530_26VA_Hefler_Tamás.pdf
58530/26VA;2026.06.12;pdf:Ajánlat;VRG-0075;LEG665001;Legrand 665001 Niloé 1-es keret, fehér;2,00;db;223,86;;;58530_26VA_Hefler_Tamás.pdf
58530/26VA;2026.06.12;pdf:Ajánlat;VRG-0066;KOPKPL64503LDNA;Gipszkarton doboz 3-as, 49mm mély, sárga, légtömített KPL 64-50/3LD NA Kopos;1,00;db;1 073,80;;;58530_26VA_Hefler_Tamás.pdf
58530/26VA;2026.06.12;pdf:Ajánlat;VRG-0011;DEL1714;LED reflektor 20W 1600lm, 120 fokos mozgásérzékelővel, 4000K, 30x SMD2835 LED, lapos, fekete deLux DEL1714;1,00;db;5 581,40;;;58530_26VA_Hefler_Tamás.pdf
58530/26VA;2026.06.12;pdf:Ajánlat;VRG-0064;KIWA81027;PO I 3+1 m 280V túlfeszültség levezető 12,5kA T1+T2+T3 (B+C+D) 81.027 KIWA;1,00;db;34 845,30;;;58530_26VA_Hefler_Tamás.pdf
58530/26VA;2026.06.12;pdf:Ajánlat;VRG-0060;KAB1800012;H05RR-F 3x1,5 fekete (0) 300/500V gumikábel (GT);5,00;fm;351,12;;;58530_26VA_Hefler_Tamás.pdf
58530/26VA;2026.06.12;pdf:Ajánlat;VRG-0093;LEG863193;Niloé Step fehér keret 3-as 863193 Legrand;1,00;db;804,18;;;58530_26VA_Hefler_Tamás.pdf
58530/26VA;2026.06.12;pdf:Ajánlat;VRG-0075;LEG665001;Legrand 665001 Niloé 1-es keret, fehér;2,00;db;223,86;;;58530_26VA_Hefler_Tamás.pdf
72377/26VA;2026.07.22;pdf:Ajánlat;VRG-0047;HGRK148;HAGER K148 Golf N/PE sín 6x16mm2 + 7x10mm2, 85mm;1,00;db;2 242,66;;;72377_26VA_Hefler_Tamás.pdf
72377/26VA;2026.07.22;pdf:Ajánlat;VRG-0051;HGRVZ703N;HAGER VZ703N Golf N, PE sín tartó VF/VS 12 M elosztókhoz;2,00;db;935,41;;;72377_26VA_Hefler_Tamás.pdf
